account_id,in_degree,out_degree,avg_neighbor_degree,pagerank,clustering
U128,44,51,102.255,0.000918286,0.0973002
U28,45,40,101.95,0.000917382,0.0984177
U707,50,50,100.62,0.000999576,0.0964591
U596,52,48,102.917,0.000988747,0.0956327
U594,45,54,102.222,0.00090073,0.0976893
U630,50,50,100.9,0.00100001,0.0945129
U907,50,51,101.98,0.00100898,0.0947368
U812,55,51,100.824,0.00109552,0.0955644
U90,48,57,100.825,0.000974855,0.0959394
U141,50,59,101.881,0.000984909,0.102689
U578,43,49,99.6531,0.000892866,0.0926966
U574,53,52,102.654,0.00103319,0.099604
U652,54,50,102.76,0.0010541,0.0914948
U294,58,53,101.585,0.00115084,0.0970685
U452,51,40,100.275,0.00100446,0.0893557
U826,57,54,100.074,0.00113537,0.096054
U130,41,52,99.7115,0.000854467,0.0940439
U95,40,51,99.9608,0.00083267,0.0937181
U568,63,58,103,0.00122148,0.0946027
U283,46,57,100.895,0.000911356,0.0952381
U335,42,44,100.045,0.000890166,0.0845938
U888,55,60,101.833,0.0010669,0.104043
U638,41,45,100.022,0.000831513,0.0949512
U550,63,50,101.66,0.00126404,0.0917272
U348,52,54,101.981,0.00110031,0.095729
U773,52,36,100.306,0.00101203,0.097533
U252,49,55,102.582,0.000969596,0.0963602
U860,52,57,99.7018,0.00108517,0.0923282
U872,50,67,100.254,0.00104077,0.0917272
U203,46,45,101.156,0.000929695,0.0972671
U385,48,48,101.104,0.000966191,0.0970079
U710,49,45,102.889,0.00101482,0.100624
U31,45,55,101.073,0.00092729,0.0893471
U180,46,53,100.679,0.000916255,0.091886
U249,40,52,101.25,0.000840806,0.0963795
U64,54,38,101.263,0.0010677,0.102123
U415,50,50,102.16,0.00100595,0.0976893
U243,38,51,103.059,0.000820869,0.10432
U212,60,38,98.0526,0.00117333,0.0897616
U402,58,45,101.533,0.00116004,0.0938596
U376,48,39,101.897,0.000977868,0.0852153
U762,51,45,101.644,0.00103413,0.0942288
U293,59,37,105.541,0.00115836,0.0965122
U44,50,55,100.127,0.000988946,0.0955154
U507,65,44,102.295,0.00122715,0.0908911
U946,51,61,102.23,0.000994136,0.0994505
U100,52,50,100.36,0.0010374,0.0906796
U569,38,41,100.341,0.000788084,0.0892441
U855,57,38,96.7105,0.00105844,0.0934066
U905,56,39,101.564,0.0010886,0.102622
U931,41,55,102.673,0.000865152,0.0998567
U830,44,60,102.217,0.000897088,0.0927089
U158,48,51,101.843,0.000982652,0.10073
U278,54,50,103.16,0.00108665,0.0967677
U256,55,46,101.043,0.00105241,0.0935016
U220,43,63,101.175,0.000871901,0.100086
U572,50,56,99.6429,0.000983467,0.0880808
U688,53,50,100.28,0.00102404,0.0853303
U674,57,59,101.051,0.00112392,0.0905755
U374,60,46,102.391,0.00113835,0.0955154
U816,39,47,101.936,0.00081354,0.097479
U712,56,51,99.2745,0.00111344,0.0935354
U304,50,36,103.917,0.00101379,0.10786
U473,47,55,102.109,0.000967853,0.100301
U623,57,50,100.98,0.00112696,0.0940722
U219,46,51,99.7647,0.000938329,0.0901373
U23,38,44,103.432,0.000810972,0.100702
U690,60,47,102.128,0.00121157,0.0918812
U793,41,52,101.904,0.000866219,0.088558
U996,47,41,101.049,0.000914109,0.10241
U108,52,58,100.741,0.00102285,0.0977538
U633,39,47,101.149,0.000809185,0.0893329
U891,53,50,99.34,0.00106909,0.0961498
U852,49,65,102.185,0.000988232,0.0992185
U530,66,48,102.292,0.00127708,0.0998615
U80,56,50,102.4,0.00113324,0.0972995
U742,50,48,102.625,0.000986613,0.0928004
U182,51,57,101.035,0.000989113,0.0980198
U71,58,51,99.8824,0.00115245,0.100514
U593,51,41,103.537,0.00104983,0.0953808
U289,64,48,100.979,0.00120468,0.0912848
U238,42,52,99.9038,0.000860352,0.0921859
U911,46,59,100.831,0.000909847,0.0947389
U241,44,50,100.38,0.000916687,0.0952381
U959,49,35,103.629,0.000962491,0.105691
U233,37,52,101.038,0.000793332,0.0958725
U194,47,46,101.326,0.000938342,0.0953501
U192,49,42,100.19,0.000943777,0.09658
U134,51,51,98.5882,0.000999696,0.0962199
U966,29,49,100.898,0.000641152,0.0854054
U673,43,37,102.351,0.000859381,0.0919081
U67,42,50,98.9,0.000866438,0.0909091
U754,54,58,101.534,0.00106296,0.0991914
U53,65,51,99.0784,0.00127791,0.0908945
U694,44,58,101.276,0.000896295,0.100198
U359,45,40,99.925,0.000942821,0.0958861
U795,51,40,96.2,0.00106399,0.0982216
U125,52,43,103.791,0.00110232,0.094382
U161,45,46,100.413,0.000901699,0.0919305
U884,49,51,101.078,0.000975717,0.0951848
U869,62,53,99.5283,0.00120288,0.0922465
U422,46,61,102.344,0.00095087,0.0951272
U326,63,55,100.309,0.00125358,0.102107
U598,48,46,101.196,0.00095655,0.0956054
U431,55,50,101.94,0.001055,0.10101
U454,54,58,100.259,0.00106313,0.0986501
U774,56,55,100.4,0.00109654,0.100757
U531,49,56,100.643,0.000958572,0.0938596
U815,49,52,102.577,0.00101318,0.0913108
U120,45,49,101.878,0.00092664,0.0981021
U355,40,51,100.686,0.000799418,0.0974399
U882,52,44,102.545,0.00102413,0.098878
U532,54,47,100.043,0.00106498,0.0954015
U486,42,57,101.544,0.000866072,0.0958567
U725,51,44,100.75,0.00100279,0.099791
U103,50,60,103.85,0.0010085,0.105489
U560,57,51,101.529,0.00111456,0.0982296
U898,43,48,105.521,0.000943937,0.100611
U755,40,55,100.036,0.000811933,0.0909091
U423,44,64,100.938,0.00086795,0.0898058
U749,34,42,102.571,0.000732545,0.0958529
U967,58,46,98.5217,0.00110659,0.0961616
U914,40,47,102.149,0.000824955,0.101681
U157,55,45,99.4222,0.00108724,0.0979181
U955,46,82,101.524,0.000899002,0.0974123
U315,37,48,100.438,0.000742973,0.0897877
U295,56,38,101.263,0.00104409,0.101124
U845,53,47,101.213,0.00106528,0.0981529
U76,53,56,98.3571,0.0010767,0.0883122
U634,53,49,102.918,0.00101733,0.095614
U27,51,55,100.091,0.0010248,0.0891089
U832,59,49,102.531,0.00112909,0.0982296
U581,51,45,100.067,0.00100033,0.0920991
U834,42,47,100.277,0.000866209,0.0959636
U398,49,51,102.333,0.000985169,0.0953947
U189,53,48,101.75,0.00102568,0.0899108
U411,50,52,100.423,0.000989102,0.0992268
U521,54,46,100.087,0.00107803,0.0934211
U929,55,41,103.024,0.00109377,0.0946317
U835,68,53,100.868,0.00136248,0.0979772
U122,48,40,103.1,0.000971689,0.0917958
U223,58,55,102.018,0.00114574,0.097035
U491,50,52,99.0385,0.0010259,0.0974244
U559,50,45,101.289,0.00101775,0.0993789
U684,58,41,102.39,0.00117213,0.100096
U21,48,42,99.5476,0.000931105,0.0918768
U974,44,59,101.831,0.00090484,0.0902907
U919,49,36,102.472,0.000963723,0.0941358
U461,55,54,101.037,0.0010871,0.0982929
U648,38,54,100.278,0.000825177,0.101051
U144,41,57,100.93,0.000863434,0.101232
U918,53,47,100.064,0.00105561,0.0914955
U805,37,57,99.5263,0.000787353,0.0856844
U137,44,53,101.66,0.000879304,0.0951848
U705,46,42,100.048,0.000966843,0.0993677
U309,60,55,99.3455,0.00117541,0.0927657
U988,52,59,100.78,0.00103895,0.0927526
U62,53,46,100.457,0.00105569,0.088488
U196,51,53,100.623,0.00101985,0.0915275
U89,60,57,101.491,0.00119794,0.0977887
U142,48,57,100.719,0.000982326,0.100594
U667,46,46,100.13,0.000961443,0.0965271
U343,55,53,101.698,0.00107933,0.0916729
U79,46,53,101.774,0.000911332,0.0951754
U466,41,45,99.1333,0.000858327,0.0867284
U432,52,60,100.05,0.00101781,0.0917571
U625,52,52,102.654,0.00103123,0.0996564
U857,35,43,101.535,0.000729859,0.0966309
U455,53,52,103.346,0.00107187,0.100147
U481,47,66,99.4545,0.000916572,0.0968083
U480,52,52,100.692,0.00103412,0.09089
U619,55,50,101.74,0.00110376,0.0933828
U923,56,39,99.8205,0.00105549,0.0984127
U331,53,36,103.361,0.00106111,0.0918768
U883,44,42,100.714,0.000914578,0.103086
U672,54,49,99.2245,0.00104694,0.0970934
U818,38,47,101.957,0.00080635,0.099618
U615,50,66,102.121,0.00104611,0.0979149
U488,42,49,101.776,0.000852294,0.100624
U801,60,46,100.696,0.00120544,0.0900438
U198,64,40,102.2,0.00125433,0.0912871
U720,47,61,100.049,0.000970387,0.0933333
U621,54,48,101.875,0.00108167,0.0912281
U819,48,65,101.477,0.000968879,0.101418
U476,62,45,102.467,0.00119547,0.0968317
U276,59,52,101.25,0.00112979,0.0908425
U748,55,43,103.047,0.00107032,0.0993895
U275,53,55,100.836,0.00103384,0.103636
U68,53,59,101.644,0.00107916,0.0972147
U545,55,44,100.386,0.00106639,0.0993895
U285,45,50,100.06,0.000935006,0.0923845
U657,58,58,100.672,0.00112079,0.0923833
U327,49,51,101.039,0.00100085,0.0936455
U991,68,39,102.974,0.00131049,0.0953535
U584,48,56,99.6429,0.000941071,0.0909091
U487,51,43,103.907,0.000993563,0.10362
U291,54,58,102.069,0.0010369,0.0920734
U908,58,58,100.638,0.00113093,0.0913771
U848,51,45,98.4222,0.000993582,0.0977066
U796,58,42,101.048,0.00113158,0.0962719
U485,42,46,102.087,0.000868685,0.0985994
U11,53,46,102.652,0.00104305,0.099813
U418,42,59,102.915,0.000851172,0.0956327
U873,46,49,99.9796,0.000913969,0.0972318
U721,48,64,100.797,0.000980602,0.0879121
U716,59,49,100.367,0.00112664,0.0956436
U126,43,58,101.31,0.000885826,0.099802
U41,53,45,101.822,0.00107883,0.101096
U390,37,60,103,0.000799669,0.0956305
U714,64,52,103.038,0.00121281,0.100584
U943,59,39,100.256,0.00110901,0.0934066
U900,63,55,98.6364,0.00126073,0.0887797
U704,46,47,100.957,0.000918334,0.0935287
U936,47,43,98.3256,0.000951381,0.0955182
U753,34,47,100.511,0.00073224,0.0984279
U659,43,48,100.354,0.000844099,0.0919289
U760,47,49,98.2653,0.000923456,0.0900621
U98,57,34,102,0.00107902,0.0949512
U209,48,49,101.204,0.000947743,0.0928839
U132,48,53,99.1321,0.000978401,0.093589
U140,39,54,101.574,0.000818971,0.0955056
U500,43,42,102.405,0.000885153,0.1
U864,50,68,101.618,0.00101082,0.096713
U199,53,58,102.879,0.00102635,0.0948515
U757,44,51,100.824,0.000904156,0.0929288
U751,44,63,100.413,0.00087591,0.0938614
U99,44,50,101.18,0.000877664,0.100122
U225,47,48,103.208,0.000965453,0.10559
U4,65,56,100.25,0.00118689,0.0953523
U995,43,58,102.362,0.000846974,0.0983203
U920,49,48,101.646,0.00094059,0.099813
U87,41,52,103.25,0.00082398,0.095429
U338,42,50,101.84,0.00085825,0.0966562
U827,51,69,99.8841,0.000998027,0.100554
U928,47,40,103.975,0.000942488,0.104131
U221,56,50,102.76,0.00109827,0.0965163
U850,43,45,100.6,0.000851741,0.095212
U896,57,49,102.143,0.00112262,0.0955186
U365,44,38,100.816,0.000879166,0.0978947
U529,55,48,101.646,0.00106831,0.0989487
U302,55,50,100.92,0.00108133,0.0990099
U950,51,44,101,0.000987411,0.0990424
U685,39,48,99.6667,0.000814472,0.0993677
U10,46,46,106.109,0.000906601,0.095429
U1,47,55,98.2,0.000914346,0.0911004
U853,44,43,101.791,0.000903322,0.0954856
U447,57,49,102.082,0.00113049,0.0925253
U446,41,69,101.435,0.000833347,0.095045
U767,51,55,101.4,0.00100411,0.0835713
U502,48,48,101.979,0.000982695,0.103448
U121,65,55,102.182,0.00125454,0.0971686
U782,58,60,100.85,0.00112792,0.091913
U450,50,57,102.351,0.00101302,0.0923232
U877,47,52,100.75,0.000926943,0.0942982
U912,64,55,100.018,0.00120143,0.0965805
U761,58,43,103.512,0.00115062,0.0950978
U490,53,50,100.68,0.00100836,0.0910891
U321,53,48,100.167,0.00101648,0.0972938
U91,52,45,100.467,0.000980404,0.0967824
U373,48,55,99.8545,0.000965155,0.0927644
U482,44,46,101.217,0.000912309,0.0956305
U172,37,53,101.019,0.000756429,0.09658
U322,42,52,100.654,0.000859719,0.0920826
U345,55,50,98.18,0.00106267,0.0943506
U358,53,52,101.346,0.00105618,0.0947389
U107,62,49,103.837,0.00121109,0.0989011
U29,41,47,103.766,0.000853247,0.0987364
U554,66,50,99.46,0.00124979,0.0942319
U856,45,40,99.9,0.000862698,0.0879253
U156,49,50,101.22,0.000996476,0.0943622
U388,47,50,99.18,0.000953948,0.0955056
U104,52,46,100,0.00105591,0.0928839
U980,51,55,101.945,0.00106333,0.0952381
U763,51,60,98.85,0.00102911,0.0873617
U105,48,44,100.023,0.000952752,0.0938826
U7,52,53,100.66,0.00109077,0.0931313
U328,64,51,101.588,0.00127778,0.0946587
U357,44,43,99.9302,0.000880991,0.0913165
U333,45,43,102,0.000916283,0.0889193
U379,59,56,101.321,0.00117273,0.092363
U680,53,63,99.9683,0.00106637,0.0957926
U620,48,65,101.846,0.000995993,0.0916946
U200,46,53,102.264,0.000937008,0.0955186
U909,56,47,100.319,0.00102294,0.0954087
U565,44,47,100.915,0.000910242,0.0903502
U262,52,57,102.404,0.00102434,0.0988007
U601,59,46,101.217,0.00111695,0.0976238
U214,57,51,99.902,0.00114948,0.0939802
U131,56,39,103.641,0.00112546,0.101051
U229,53,53,101.547,0.00105836,0.0974122
U709,42,44,100.205,0.000886653,0.0960917
U956,54,52,101.077,0.00104192,0.0984275
U579,43,54,101.185,0.000853342,0.0969475
U12,49,42,102.095,0.000974813,0.0952503
U961,42,46,103.826,0.000890739,0.0983193
U683,70,49,99.898,0.00129955,0.0886159
U926,49,51,102.373,0.0010275,0.101096
U662,43,63,102.587,0.000905614,0.09842
U425,54,49,101.531,0.00110187,0.0902588
U976,59,50,99.66,0.00110349,0.0912444
U421,50,49,101.388,0.000996505,0.0949042
U986,63,44,101.773,0.00119637,0.0948258
U612,43,51,100,0.000882076,0.0931336
U356,50,51,101.314,0.000988903,0.0961498
U324,51,44,102.909,0.00101201,0.090301
U412,55,51,100.922,0.00108445,0.0918812
U564,42,54,99.3333,0.000875693,0.0974677
U617,47,54,103.352,0.00093934,0.0970934
U404,41,38,102.474,0.000854385,0.0982351
U651,48,67,102.672,0.000989575,0.0990826
U317,54,57,100.596,0.00105788,0.105054
U207,48,54,100.815,0.000948379,0.0960627
U274,42,42,101.429,0.000851562,0.0993827
U786,50,64,101.844,0.000998627,0.102275
U94,34,40,98.45,0.000711993,0.101863
U92,46,42,101.143,0.000934493,0.0966724
U247,50,45,101.956,0.000978569,0.0932602
U788,55,52,101.788,0.00107222,0.094677
U670,45,51,100.275,0.000904589,0.102007
U399,46,39,100.641,0.00091049,0.0858175
U978,49,57,101.86,0.000962348,0.0936251
U416,42,57,98.193,0.000917831,0.0972417
U310,51,57,102.158,0.000999182,0.0912444
U336,45,51,101.333,0.000887236,0.0938
U962,46,58,100.31,0.000936566,0.0992161
U441,43,42,101.476,0.000911793,0.0993241
U987,39,43,101.837,0.000824402,0.0991114
U14,42,57,101.684,0.000852368,0.0991228
U433,51,50,100.9,0.000999416,0.10116
U246,36,49,99.6939,0.000765045,0.0967218
U97,49,44,102.795,0.000981816,0.089916
U234,57,48,100.562,0.00112149,0.0944554
U722,45,52,99.3077,0.000911192,0.0882419
U366,52,59,100.983,0.00103725,0.0942868
U8,39,42,98.0238,0.000796062,0.0926316
U775,40,59,100.712,0.000834239,0.089838
U279,57,55,102.327,0.00112028,0.0887691
U504,72,54,100.352,0.00135603,0.10014
U982,42,51,102.118,0.000878974,0.089214
U389,45,51,102.392,0.000926179,0.0973783
U45,60,49,102,0.00115604,0.0907394
U320,56,56,99.2321,0.00115865,0.0972147
U800,51,47,99.8298,0.00101701,0.097807
U185,57,59,100.983,0.00109838,0.0945788
U261,41,47,99.0213,0.000817662,0.087395
U371,47,58,100.828,0.000949151,0.0931858
U253,55,52,101.923,0.00110934,0.0957804
U964,66,32,99.5938,0.00126998,0.0956327
U945,46,35,103.229,0.000927771,0.099643
U115,38,50,99.4,0.000788491,0.0943912
U770,42,40,102.2,0.000845531,0.0993827
U789,42,50,101.52,0.000901082,0.101675
U639,39,48,100.75,0.000819654,0.0949512
U477,46,54,99.7778,0.000919893,0.0932131
U880,35,51,103.471,0.000743304,0.0987342
U428,42,51,100.961,0.000846972,0.0948276
U362,54,41,101.366,0.001065,0.0886108
U849,44,56,101.857,0.000907275,0.105921
U319,45,44,101.023,0.000938463,0.091954
U536,45,55,100.473,0.000933783,0.0971491
U693,49,45,99.0667,0.000983445,0.0915966
U33,60,38,99.1579,0.00114559,0.0965404
U999,42,50,100.2,0.000880086,0.0943912
U499,53,50,102.1,0.00108353,0.0901316
U647,56,47,100.277,0.0010902,0.0907071
U539,59,62,98.5323,0.00111302,0.0914005
U456,54,52,102.019,0.00106918,0.0908911
U653,41,44,101.659,0.000830088,0.0918398
U306,49,62,101.194,0.000946919,0.09328
U13,58,63,101.508,0.00118235,0.0999035
U49,61,52,100.827,0.00117019,0.0887797
U260,32,46,99.1739,0.000721002,0.0918919
U305,40,42,102.262,0.000844587,0.0945721
U524,40,58,97.6207,0.00084776,0.0915122
U743,60,51,102.333,0.00117224,0.0961538
U952,47,43,100.279,0.000924756,0.0878636
U111,48,51,98.8235,0.000970521,0.0967742
U823,54,39,99.8718,0.0010974,0.0906479
U958,51,49,101.02,0.0010072,0.0936455
U618,46,49,100.429,0.00091272,0.0946011
U626,43,50,100.72,0.000875909,0.0882968
U168,48,47,101.681,0.000978912,0.0898657
U406,51,60,102.833,0.00105005,0.0993711
U822,48,53,100.849,0.000981917,0.0995614
U979,60,46,101.696,0.00117211,0.0991919
U16,43,70,101.857,0.000877353,0.0924908
U368,46,47,100.447,0.00095049,0.100122
U47,46,48,100.479,0.000901963,0.0938826
U153,48,47,101.574,0.000936714,0.10318
U561,51,44,100.591,0.00100878,0.0967742
U350,41,49,99.8571,0.000871227,0.0861833
U678,51,52,100.942,0.00105123,0.0960052
U838,57,56,101.946,0.00112974,0.095045
U273,56,43,102.093,0.00109204,0.0965122
U752,50,72,100.667,0.00102527,0.0919908
U116,47,49,99.0408,0.000941364,0.0992161
U837,50,47,100.106,0.00100465,0.101768
U445,55,53,99.8679,0.00106713,0.0995923
U191,64,58,99.0517,0.0012173,0.0989254
U251,57,75,100.907,0.00108989,0.0905188
U119,51,49,99.8367,0.000994884,0.0940722
U101,47,49,100.551,0.000933358,0.0977066
U706,57,53,102.585,0.00112645,0.100629
U266,60,61,103.148,0.00115606,0.0955598
U135,43,54,101.926,0.000868773,0.102076
U745,53,47,100.851,0.00104233,0.097807
U110,54,47,100.085,0.00105027,0.095032
U954,48,49,103.061,0.000959588,0.100096
U287,61,48,101,0.00119451,0.0903863
U444,35,47,101.064,0.000712852,0.0962371
U591,36,42,100.929,0.000784543,0.089542
U969,54,55,103.236,0.00105018,0.0908911
U277,44,48,101.562,0.000916295,0.0941176
U847,59,46,104.239,0.0011426,0.100568
U206,43,59,102.017,0.000891371,0.0962199
U563,57,54,102.463,0.00115662,0.0963406
U807,64,49,99.3265,0.00121563,0.0957772
U715,52,48,101.938,0.00102186,0.0979243
U286,64,53,99.3962,0.00122056,0.0956507
U386,29,57,100.333,0.000681689,0.104012
U571,52,56,100.804,0.00099349,0.0913764
U863,57,48,103.083,0.00109379,0.0987682
U702,59,47,103.447,0.00113342,0.101847
U939,47,45,100.378,0.000962576,0.093633
U588,52,62,99.7581,0.00103599,0.0897415
U960,50,51,100.569,0.000973418,0.097918
U544,48,60,101,0.000973174,0.0989911
U804,53,47,99.0426,0.00104828,0.091886
U184,55,64,100.906,0.00110214,0.0919908
U942,64,44,104.705,0.00129741,0.104029
U897,63,58,103.328,0.00125512,0.0948894
U583,54,41,99.5122,0.00105983,0.0878901
U195,51,64,103.906,0.00103773,0.0965251
U419,46,57,101.351,0.000898717,0.0886869
U692,46,53,99.8113,0.00095863,0.0938574
U420,58,53,101.981,0.00112694,0.0982296
U353,60,47,100.043,0.00119774,0.0955556
U809,51,64,100.906,0.00106675,0.0962389
U515,59,57,101.035,0.00114406,0.0941851
U695,58,51,100.235,0.00115324,0.0946602
U540,52,59,100.22,0.00105284,0.095045
U496,59,50,101.22,0.00113488,0.0927975
U165,38,50,98.86,0.000771691,0.09139
U75,53,42,101.905,0.00106416,0.0916355
U932,48,61,99.8361,0.00100261,0.0968864
U747,54,48,101.208,0.00101819,0.097918
U803,38,38,99.9737,0.000788454,0.0954617
U211,58,49,102.633,0.00112826,0.0976226
U400,48,51,99.4706,0.000948147,0.0931691
U205,46,49,101.857,0.000942291,0.0919305
U971,44,53,101.698,0.000922413,0.104553
U267,50,50,102,0.00100428,0.0956303
U997,46,38,98.1842,0.000945123,0.0969587
U255,57,56,99.3571,0.00113362,0.0952381
U975,62,53,101.396,0.00121246,0.0974903
U792,48,61,101.23,0.000934511,0.0904762
U339,42,60,99.95,0.000868757,0.0899953
U458,50,43,101.023,0.000996867,0.0987461
U691,51,46,102.283,0.000977984,0.0925519
U188,69,46,99.1087,0.0013633,0.0930385
U437,55,49,100.347,0.00108981,0.0942074
U595,49,46,100.37,0.000985558,0.0919732
U464,46,45,100.889,0.000920686,0.0935579
U397,45,49,101.816,0.000905389,0.0990807
U224,49,63,101.508,0.000974273,0.0890496
U671,44,47,100.298,0.000909855,0.09857
U689,45,56,103.482,0.000910405,0.0966292
U937,50,46,99.7391,0.000993984,0.0909091
U147,61,40,103.225,0.00116668,0.0978329
U886,50,60,99.4167,0.000974229,0.0857143
U393,46,45,100.4,0.000928356,0.0867294
U711,54,55,101.382,0.00109334,0.0982076
U548,52,52,98.0385,0.00100233,0.0887129
U899,44,51,101.412,0.000905002,0.0855465
U551,61,43,102.837,0.00123882,0.103484
U994,58,65,101.338,0.00113908,0.0954657
U508,46,44,101.909,0.000889369,0.0935579
U557,51,51,102.098,0.000999768,0.101589
U133,44,56,101.786,0.000928966,0.0911641
U562,45,46,99.587,0.000899972,0.101401
U170,44,51,102.882,0.00089167,0.0949939
U213,61,34,100.765,0.00119054,0.0986569
U483,55,50,98.64,0.00111413,0.0867862
U34,54,47,102.979,0.00106916,0.0966811
U609,53,51,101.235,0.000997222,0.0932131
U970,52,54,99.9815,0.0010164,0.0914386
U555,50,53,102.038,0.00101067,0.0984641
U844,49,62,101.419,0.000988389,0.0912848
U427,42,52,102.25,0.000850417,0.101124
U668,44,51,103.275,0.00088898,0.0998567
U915,57,48,99.0625,0.00110297,0.102453
U410,45,44,101.159,0.000955893,0.0966724
U839,47,57,101.053,0.000970117,0.0915275
U453,47,54,100.815,0.000958543,0.0883772
U700,47,61,100.934,0.000906099,0.0949933
U50,42,56,102.839,0.000856158,0.0933425
U813,62,52,100,0.00119259,0.093612
U413,47,46,101.348,0.000964404,0.0946779
U904,51,54,100.241,0.000993783,0.100198
U186,52,55,99.1818,0.00104088,0.0931858
U533,48,41,102.512,0.000956619,0.0938252
U787,35,52,97.8462,0.000729484,0.0946224
U20,43,49,102.184,0.000855785,0.0968789
U280,44,48,99.2708,0.000905219,0.0894665
U268,42,65,100.323,0.000887752,0.0956504
U892,58,46,99.7174,0.00111598,0.0989899
U281,45,47,103.128,0.000906174,0.0992542
U865,50,47,100.213,0.000974451,0.0972417
U646,47,42,104.619,0.000946439,0.100115
U879,55,53,101.396,0.0011281,0.0921392
U230,55,39,101.718,0.00105171,0.0924413
U174,52,51,102.588,0.00102553,0.0912871
U893,43,36,98.0278,0.00087453,0.0929285
U109,62,58,101.448,0.00122551,0.0979662
U114,37,56,98.8393,0.000795752,0.0908864
U940,42,42,101.024,0.000833471,0.0903342
U334,44,46,100.935,0.000876542,0.099541
U470,61,55,103.109,0.00115677,0.101537
U361,39,39,99.4872,0.000833822,0.0940541
U906,65,44,101.386,0.00124971,0.0972741
U729,55,62,104.806,0.00109724,0.0906888
U363,43,55,101.855,0.000876666,0.0956327
U870,62,59,102.695,0.00117289,0.0937819
U523,50,54,98.7593,0.00107809,0.0884658
U778,51,56,102.589,0.00101721,0.0993279
U240,59,43,105.116,0.00116278,0.100112
U927,59,55,99.4364,0.00118358,0.096686
U227,46,42,101.452,0.000918964,0.091954
U717,51,48,102.042,0.00100803,0.100748
U603,43,54,99.6296,0.000845401,0.090143
U17,46,56,100.964,0.000948979,0.0944667
U372,54,44,100.75,0.00104018,0.0905971
U318,34,45,101.622,0.000723136,0.0898838
U451,53,34,102.441,0.00106328,0.107258
U381,43,46,102.065,0.000863095,0.0980392
U435,47,43,101.558,0.000927601,0.098904
U517,42,49,102.02,0.000843399,0.0916553
U5,39,66,100.303,0.000797754,0.0998711
U669,50,51,99.6863,0.000996066,0.0986842
U802,58,46,100.065,0.00112497,0.0968317
U858,44,52,100.769,0.000881842,0.100096
U469,42,39,102.923,0.000859402,0.0957895
U973,44,48,101.312,0.000882027,0.0937181
U828,55,56,100.446,0.00105725,0.0932234
U580,43,58,105.103,0.00085932,0.101974
U127,56,40,102.325,0.0010871,0.0942576
U169,44,59,96.3559,0.000881774,0.0946197
U723,50,44,99.7955,0.000998434,0.0986622
U438,54,39,103.769,0.00103629,0.0978348
U383,59,52,100.077,0.0011837,0.0920463
U846,45,52,101.173,0.000938825,0.0982456
U514,53,51,99.8431,0.00101676,0.0953082
U944,41,61,99.4262,0.000822199,0.0888158
U202,36,48,99.375,0.000764164,0.0906354
U538,49,49,101.367,0.00100374,0.0935016
U48,46,52,102.481,0.000907011,0.0986044
U197,60,47,102.681,0.00114781,0.0975758
U968,53,44,99.1364,0.00106729,0.0929288
U284,47,40,103.25,0.000954864,0.0968536
U645,55,59,101.627,0.0010619,0.0999035
U758,45,49,98.9796,0.000923799,0.102656
U468,44,49,102.184,0.000907915,0.0956305
U2,47,48,98.25,0.000922794,0.0912835
U650,61,57,100.632,0.00121813,0.0936937
U272,46,61,104.443,0.000942788,0.100606
U146,53,56,101.839,0.00106891,0.0992079
U679,47,44,102.795,0.000960507,0.10189
U590,64,50,102.08,0.00120325,0.0978593
U930,63,60,99.6667,0.00122025,0.0918441
U511,48,46,103.87,0.000990896,0.101768
U738,45,43,100.814,0.000891708,0.103282
U843,61,57,100.386,0.00116777,0.0885738
U403,47,55,100.291,0.000965495,0.0947165
U436,44,47,101,0.000909228,0.0889193
U78,42,50,102,0.000865145,0.0889193
U15,42,60,101.05,0.000846238,0.0929825
U854,62,50,98.88,0.00118001,0.101592
U613,45,52,102.346,0.000906418,0.101917
U783,57,43,98.9767,0.0011753,0.0908425
U443,57,53,100.528,0.00111815,0.0949933
U201,48,45,101.689,0.00095647,0.0939734
U312,44,61,101.082,0.000897136,0.0941414
U963,47,53,99.3962,0.000944905,0.0947165
U81,54,57,99.7368,0.00106626,0.0946923
U622,52,50,103.56,0.00103261,0.105482
U299,51,55,101.109,0.0010004,0.0958416
U890,48,44,102.864,0.00101519,0.0953501
U990,44,50,102.06,0.000907357,0.103971
U660,49,48,100.542,0.000960003,0.0939691
U824,57,42,103.048,0.00111337,0.0980263
U325,60,57,100.474,0.00118731,0.0886159
U881,44,52,98.8269,0.000893904,0.0891065
U440,49,43,100.093,0.000996258,0.103983
U269,65,50,99.42,0.00121256,0.0947555
U323,55,50,98.12,0.00115127,0.10073
U72,44,45,100.933,0.000892758,0.0903342
U66,58,53,101.755,0.00113737,0.0948425
U152,42,58,99.5,0.000856335,0.104444
U282,44,51,101.353,0.000862925,0.100624
U155,48,60,103.267,0.000981374,0.0940459
U528,49,49,104.143,0.000939819,0.102962
U972,50,53,101.189,0.00102175,0.0920792
U6,47,47,102.043,0.000954915,0.0991117
U472,32,50,103.46,0.000697234,0.0970608
U887,66,48,101.917,0.00127491,0.0945127
U735,53,45,102.044,0.00107109,0.0909295
U270,48,53,99.7736,0.000936395,0.0897766
U1000,64,41,100.878,0.00128412,0.0992079
U741,38,41,101.341,0.000780442,0.0936937
U391,48,56,102.982,0.00097511,0.0925582
U340,51,54,100.148,0.000991799,0.0978218
U369,62,39,100.359,0.0011997,0.0964356
U303,43,58,101.707,0.000899055,0.0980198
U190,55,53,98.7736,0.00112306,0.0937682
U576,56,66,102.455,0.0011313,0.101351
U522,50,35,101.971,0.000982527,0.0900746
U666,41,40,103.45,0.000821439,0.0931516
U43,63,49,102.755,0.00120864,0.0916832
U577,51,58,102.207,0.00103291,0.0959671
U985,53,57,101.93,0.00105613,0.101568
U300,51,53,101.811,0.000952399,0.0963636
U989,51,44,100.659,0.000971543,0.0928004
U239,44,47,100.213,0.00088811,0.0935705
U308,53,47,101.872,0.00108017,0.101316
U790,49,63,98.9206,0.00100009,0.0927625
U607,37,35,98.5714,0.000778611,0.100621
U916,48,54,100.963,0.00095111,0.0896276
U566,49,44,100.977,0.000987328,0.0949939
U610,51,43,101.093,0.00101332,0.0946317
U866,52,53,100.811,0.00104937,0.093589
U26,43,51,101.118,0.000885479,0.0963067
U921,60,38,102.737,0.00119465,0.101535
U55,36,54,100.722,0.000762782,0.0992685
U149,53,46,101.109,0.00108383,0.102384
U874,61,53,99.0377,0.00115378,0.0934112
U18,38,49,102.163,0.000810377,0.0942487
U117,56,52,103.019,0.00107311,0.0952475
U781,47,49,101.408,0.000958956,0.0938
U360,60,47,101.702,0.00118304,0.0940594
U895,58,49,99.0204,0.0011533,0.090293
U176,56,31,99.3226,0.00109687,0.0921569
U501,40,53,102.774,0.000835214,0.0943622
U624,52,60,101.45,0.000996462,0.0934066
U556,42,51,101,0.000834773,0.0898642
U600,51,46,101.457,0.000978571,0.0881398
U917,51,57,98.2982,0.00102051,0.0959037
U179,63,48,101.25,0.00120651,0.101707
U344,61,34,100.412,0.00117032,0.0948814
U193,66,45,100.511,0.00129625,0.0948012
U993,48,49,102.796,0.000969929,0.0942869
U32,49,59,100.017,0.000981623,0.0975758
U784,55,40,100.95,0.00109479,0.090143
U187,56,43,100.791,0.0011087,0.0942576
U935,45,49,98.8776,0.000888497,0.0962733
U698,59,45,100.067,0.00113707,0.0969765
U644,51,50,101.32,0.00101948,0.0907029
U859,54,40,101.2,0.00106021,0.0993361
U981,48,55,100.945,0.000941269,0.0905702
U143,52,51,99.6863,0.00099878,0.0884848
U840,46,47,100.489,0.00097841,0.0954823
U810,56,44,101.068,0.00112202,0.0944864
U587,52,45,99.9556,0.00105461,0.0915751
U780,46,63,103.635,0.00095952,0.0935741
U785,55,66,100.879,0.00107967,0.100246
U984,61,51,102.078,0.00117963,0.0963163
U337,44,48,101.25,0.000874091,0.0958725
U61,48,49,101.245,0.000991743,0.0950788
U342,50,57,100.351,0.000994613,0.0850942
U599,45,54,103.593,0.00087425,0.0996641
U518,57,47,97.9787,0.00108786,0.0942074
U364,40,60,100.733,0.000836869,0.0902588
U913,52,44,99.9545,0.000991838,0.09914
U759,44,67,100.642,0.000896704,0.097161
U756,40,51,101.725,0.000854825,0.0990303
U377,51,37,101.297,0.0010334,0.0879552
U439,44,46,100.087,0.00089518,0.0963855
U84,55,57,100.754,0.00110389,0.0969007
U977,27,52,100.846,0.000593356,0.0936073
U160,51,45,101.222,0.00100974,0.0949439
U934,48,46,101.674,0.000958492,0.0896215
U643,49,55,101.909,0.000951073,0.0947389
U301,51,54,97.5,0.001027,0.0879208
U56,50,49,101.796,0.00104565,0.09699
U746,49,44,99.1136,0.000958548,0.0921859
U471,40,57,100.053,0.000853983,0.0888677
U902,36,44,98.3182,0.000756462,0.0827068
U462,54,47,102.255,0.00108628,0.0910088
U250,47,35,102.429,0.000942283,0.0981632
U245,49,58,102.414,0.000945644,0.0977778
U713,49,56,99.8214,0.000977806,0.0966811
U265,41,46,101.522,0.000833163,0.0919753
U159,49,48,99.7292,0.00101849,0.0955056
U549,54,48,101.729,0.00106625,0.0955186
U703,52,55,101.055,0.000977083,0.0871985
U51,45,44,101,0.000913115,0.0983936
U367,56,54,102.593,0.00109944,0.0980209
U292,57,56,100.125,0.00110073,0.0916946
U384,51,35,101.429,0.000999428,0.0885781
U467,58,41,98.8293,0.00115106,0.0915122
U614,45,52,102.596,0.000904778,0.0998468
U636,65,50,103.38,0.00121982,0.0977538
U740,43,42,106.429,0.000895312,0.106083
U9,54,61,102.869,0.00107608,0.0999181
U808,50,48,101.792,0.000995849,0.0984233
U178,53,58,100.862,0.0010485,0.0959707
U346,48,49,103.02,0.000986839,0.0964591
U655,55,44,101.75,0.001094,0.102128
U167,52,51,103.843,0.00106028,0.0970297
U297,38,61,102.082,0.000813155,0.0976893
U608,49,42,100.262,0.000982264,0.091954
U656,63,48,102.333,0.00124641,0.0964557
U54,58,52,101.712,0.00113155,0.0893069
U642,43,49,100.837,0.000910142,0.0982236
U910,51,34,100.088,0.0010525,0.0993827
U288,47,55,102.455,0.000955047,0.0938596
U163,50,32,98.25,0.000996781,0.0929071
U542,57,42,102.286,0.00108009,0.0956327
U901,48,50,103.86,0.000950495,0.0919732
U341,51,31,100.355,0.00103064,0.0990665
U489,43,48,101.208,0.00087666,0.0902873
U19,60,46,101.217,0.00116905,0.0962376
U831,41,47,101,0.000843742,0.0997199
U414,61,46,98.9348,0.00122525,0.0969697
U637,44,49,101.163,0.000905348,0.0977011
U36,45,38,101.5,0.000931701,0.0962963
U171,49,47,100.957,0.00101351,0.0976801
U611,45,36,102.389,0.000936064,0.0912042
U537,43,47,98.5106,0.000876828,0.0924761
U602,51,56,100.821,0.00103762,0.0853249
U296,35,51,99.6471,0.000727138,0.095679
U867,48,56,100.518,0.00102103,0.0987425
U814,47,55,101.055,0.000952383,0.095032
U922,41,51,101.196,0.000853255,0.0924413
U730,56,39,102.436,0.00109838,0.0969475
U878,71,57,98.8772,0.00135793,0.0990084
U947,45,52,101.404,0.000909042,0.0998567
U604,46,49,101.673,0.000908016,0.0937181
U862,53,58,101.121,0.00105067,0.0879388
U525,66,48,102.5,0.00123768,0.0948012
U836,45,43,99.1628,0.000939634,0.0946779
U417,48,50,101.12,0.000940759,0.0867228
U424,50,63,101.746,0.00101723,0.0897625
U861,48,45,100.978,0.000986761,0.0900137
U370,51,54,100.167,0.00101905,0.0897766
U541,53,36,100.028,0.00102145,0.0908345
U516,48,72,101.194,0.000972172,0.0984153
U329,49,44,103.75,0.000971563,0.104762
U889,50,52,103.135,0.000989506,0.0927632
U448,52,41,101.122,0.00102186,0.0967824
U60,66,45,102.156,0.00128228,0.0941216
U654,46,51,98.8627,0.000926894,0.0917096
U772,56,46,102.848,0.0010619,0.0992268
U641,56,53,100.302,0.00107888,0.0912995
U750,57,54,99.2778,0.00116714,0.0957804
U534,48,46,100.261,0.000970503,0.097628
U567,38,47,99.4468,0.000781682,0.0891298
U226,50,37,101.703,0.00100223,0.0983936
U794,44,70,100.771,0.000900936,0.0947555
U719,46,43,102.767,0.000919373,0.0963855
U70,59,51,102.039,0.0011863,0.100511
U779,46,55,99.7818,0.000912089,0.0978723
U766,47,48,99.4375,0.00094708,0.0995792
U924,52,47,98.9362,0.00101818,0.0902291
U218,47,47,106.106,0.000964206,0.0962149
U59,56,43,101.07,0.00110308,0.10056
U820,58,47,100.596,0.00115975,0.0973737
U493,53,46,102.457,0.001074,0.101873
U150,39,52,99.5962,0.000839646,0.0927559
U354,51,52,98.6731,0.00103084,0.0899914
U675,66,45,100.489,0.00125016,0.0950584
U797,39,44,99,0.000836479,0.0966049
U164,56,36,100.056,0.00107918,0.0955056
U811,61,47,101,0.00118126,0.0914386
U39,51,61,100.393,0.00103556,0.0946923
U628,55,47,101.489,0.00108863,0.0980433
U465,68,57,100.035,0.00126673,0.0938722
U37,44,50,100.88,0.00088545,0.0981844
U474,43,48,100.75,0.000877254,0.095429
U736,45,43,99.4186,0.000914362,0.0916838
U806,55,56,99.6429,0.00106017,0.096103
U697,41,52,102.75,0.000851681,0.100982
U547,54,62,98.4355,0.00104558,0.0953976
U938,55,49,100.041,0.00108646,0.095146
U799,53,50,103.86,0.00106901,0.105455
U744,46,53,100.925,0.000963004,0.0923329
U677,51,47,101.064,0.00103169,0.0931691
U632,46,44,100.591,0.000945085,0.0970329
U686,42,57,101.754,0.000846155,0.0984649
U546,43,48,101.417,0.000874302,0.0971272
U635,48,51,102.039,0.000941922,0.0971917
U42,60,52,99.75,0.00115512,0.0968059
U983,43,31,103.484,0.000907986,0.0993789
U631,46,50,99.82,0.000907576,0.0993789
U941,46,49,100.265,0.000957972,0.0972417
U769,46,49,102.224,0.000978665,0.0951311
U77,68,41,100.61,0.00130577,0.0919475
U724,50,44,102.659,0.00103714,0.092952
U682,38,44,101.5,0.000777826,0.089542
U222,52,34,102.647,0.000998118,0.0949367
U771,64,39,99.9744,0.00123999,0.0929939
U106,34,56,100.964,0.000710032,0.0916553
U665,55,56,101.643,0.00108016,0.0990842
U605,61,67,102.776,0.0011734,0.0932507
U949,41,63,102.206,0.0008754,0.0972938
U248,49,48,98.5,0.000995822,0.0963067
U575,46,55,100.982,0.000933327,0.0872807
U405,45,60,102.933,0.000925148,0.0956504
U495,51,36,102.083,0.00101734,0.101969
U842,62,45,100.289,0.00120978,0.0944222
U88,47,42,101.143,0.000968134,0.0960784
U237,46,35,101.829,0.000910416,0.0853619
U24,55,64,101.359,0.00109845,0.0976894
U552,58,41,100.22,0.00116245,0.0960526
U699,46,47,102.128,0.00097219,0.0952503
U257,45,56,100.143,0.000919376,0.0997807
U509,54,52,102.019,0.00106685,0.0971717
U951,51,46,102.174,0.000957514,0.0979455
U96,52,55,100.545,0.00104838,0.0934704
U475,57,38,99.6842,0.00112671,0.0928839
U585,52,44,101.523,0.0010277,0.0937354
U449,56,54,100.5,0.00110631,0.0953976
U69,47,50,104.82,0.00095321,0.100573
U875,49,51,102.451,0.00100415,0.0904628
U925,46,46,98.0217,0.000935256,0.092999
U177,44,44,103.205,0.000924313,0.101681
U151,59,57,100.281,0.00114785,0.0964137
U85,49,41,100.78,0.00099897,0.0924413
U271,51,44,101.205,0.00101648,0.0986367
U258,51,51,100.824,0.00100387,0.0975086
U215,50,52,102.827,0.000962929,0.0972318
U733,48,49,99.6122,0.00098521,0.0862503
U841,36,48,101.75,0.000765259,0.103086
U933,64,46,98.0652,0.00123573,0.0955644
U494,60,54,102.963,0.00112026,0.0961538
U145,57,74,101.149,0.00115941,0.0910446
U582,59,50,100.34,0.0011594,0.089059
U798,35,47,103.319,0.000732999,0.10159
U236,48,54,99.0926,0.000968329,0.0905702
U640,50,47,99.7021,0.00102228,0.0969475
U82,56,60,101.883,0.00105887,0.0970809
U86,55,48,101.708,0.00107061,0.0957576
U231,38,39,101.59,0.000784,0.0922761
U505,48,65,101.738,0.000965875,0.0950549
U543,63,45,101.133,0.00121128,0.0961616
U58,54,46,100.935,0.00109061,0.0964347
U894,46,63,102.381,0.000938174,0.0916442
U661,53,55,100.2,0.00108788,0.094933
U851,63,49,98.8163,0.00118553,0.0969697
U426,58,45,102.689,0.00118287,0.100301
U606,55,37,99.6216,0.00107698,0.0984127
U136,66,41,98.3659,0.00130923,0.0958565
U3,57,39,103.795,0.00116525,0.0950788
U484,42,59,102.322,0.000851281,0.102019
U535,53,42,100.619,0.00104252,0.0951311
U83,45,53,102.321,0.000941819,0.0916316
U765,43,55,102.727,0.000886299,0.0946704
U732,53,53,102.642,0.00103528,0.10231
U957,65,51,100.431,0.00125057,0.0998981
U235,37,46,101.543,0.000750897,0.0891228
U463,46,58,100.914,0.000937202,0.0891323
U570,42,54,100.63,0.000838074,0.0979181
U352,50,58,100.586,0.000965434,0.0910256
U616,58,36,100.806,0.00114959,0.0930403
U38,43,51,102.275,0.000911362,0.0967033
U589,59,37,100.216,0.00116364,0.0953177
U791,48,53,101.83,0.000963021,0.0861842
U387,43,51,102.549,0.000884603,0.0922153
U776,44,58,100.534,0.000864573,0.0904968
U526,52,45,98.2667,0.00102961,0.0852843
U298,42,41,100.268,0.000885002,0.0979021
U409,49,53,99.8868,0.000964991,0.087794
U181,32,49,100.816,0.000699515,0.0902431
U408,50,60,101.217,0.00102869,0.0929939
U586,59,53,99.5472,0.00117917,0.0948718
U429,52,59,103.186,0.00107689,0.0949933
U664,56,52,101.423,0.00117341,0.0959707
U208,49,50,103.04,0.000946281,0.102951
U394,57,52,101.942,0.00112358,0.0960978
U217,50,46,100.609,0.00100302,0.0963067
U506,57,52,100.731,0.00111325,0.0970934
U123,50,51,100.569,0.000983171,0.0919244
U154,43,45,101.756,0.000863198,0.0918398
U112,42,54,100.926,0.00085148,0.0970079
U332,60,50,101.92,0.00118194,0.0903659
U382,41,48,102.875,0.000835159,0.09658
U498,51,56,99.8393,0.000988435,0.0959596
U204,30,54,101.796,0.000671624,0.0966049
U497,61,55,100.6,0.00121019,0.096871
U259,52,44,102.636,0.00104576,0.0982236
U478,51,60,100.9,0.00104448,0.0994059
U510,40,42,102.405,0.000804095,0.0983447
U430,45,46,100.565,0.000879957,0.0934627
U380,58,54,102.167,0.00112188,0.0952381
U658,47,53,100.887,0.000951487,0.0938355
U876,46,50,103.1,0.000922558,0.0936455
U232,53,60,100.733,0.00105817,0.0862534
U254,44,45,100.778,0.000926985,0.0991597
U903,39,53,99.9057,0.000821557,0.0881001
U392,45,44,102.5,0.000894722,0.0932906
U825,56,54,99.7222,0.00107546,0.0908425
U460,35,57,100.491,0.000741956,0.0939734
U311,52,42,100.69,0.00102617,0.0938844
U731,50,62,98.9355,0.000999873,0.0946602
U30,62,43,102.907,0.00122539,0.0957096
U492,53,52,101.596,0.00106104,0.101316
U313,55,45,104.311,0.00107487,0.100812
U314,44,65,100.785,0.000879179,0.0919414
U948,42,51,100.824,0.000866761,0.0910867
U777,40,52,98.7692,0.000807378,0.0945664
U739,43,50,100.78,0.000874662,0.0940171
U592,58,49,101.918,0.00114289,0.0983943
U216,52,50,101.66,0.00106785,0.103509
U118,53,50,98.22,0.00103261,0.0986745
U553,58,36,101.194,0.00109738,0.0974755
U73,51,54,102.167,0.00101542,0.0912871
U349,43,55,99.8909,0.00088108,0.0919698
U183,43,55,99.3091,0.00087016,0.0918193
U965,46,44,102.364,0.000953886,0.092952
U129,41,60,98.6,0.000839567,0.0958392
U378,50,49,98.7143,0.000980257,0.0958333
U307,56,59,100.78,0.0011217,0.0983039
U764,34,41,101.732,0.000732077,0.102216
U479,43,47,103.638,0.00086841,0.0960328
U953,63,55,98.3091,0.00122695,0.0939116
U573,53,43,102.605,0.00106859,0.0935016
U351,50,45,100.556,0.00101328,0.0958392
U63,54,53,100.019,0.00105443,0.0981818
U124,60,39,104.205,0.00117211,0.0949313
U728,32,55,101.255,0.000706747,0.0894309
U708,65,56,102.143,0.00126624,0.0956373
U998,50,56,99.2143,0.00101996,0.0829703
U885,42,47,102.447,0.000903739,0.0991713
U519,35,49,100.796,0.000738314,0.0987654
U833,50,36,100.639,0.000988621,0.100793
U290,55,65,100.938,0.00108848,0.0998736
U210,56,57,102.018,0.00109873,0.0970696
U687,43,44,103.136,0.000867805,0.0944444
U264,36,35,101.229,0.000752643,0.0958842
U263,53,57,101.789,0.00103941,0.102989
U375,55,57,101.772,0.0010894,0.0887691
U138,60,44,99.0227,0.00112529,0.0959394
U629,48,53,102.434,0.000958447,0.0960729
U316,43,49,99.3469,0.00086853,0.0940439
U696,46,51,99.6863,0.000931233,0.0935713
U817,44,55,100.345,0.000899637,0.0922732
U35,51,44,101.523,0.00103052,0.0949949
U527,52,59,101.627,0.00105465,0.0962793
U663,51,63,102.095,0.00103113,0.0994162
U434,44,53,103.415,0.000920932,0.107527
U242,52,37,100.108,0.00104384,0.0887452
U93,49,51,103.431,0.00093843,0.0934147
U457,58,64,101.266,0.00116337,0.0897025
U503,62,36,103.611,0.00122699,0.105891
U395,60,39,101.641,0.00119828,0.0964347
U102,46,59,103.441,0.000899676,0.0944735
U829,55,46,99.1957,0.00111753,0.0899108
U520,42,46,101,0.000861727,0.0976744
U597,42,42,99.4524,0.000866795,0.0894309
U228,49,41,100.732,0.000976324,0.0971989
U649,61,63,101.603,0.00121885,0.0978121
U113,45,44,99.4318,0.000911712,0.0922025
U992,54,53,100.094,0.00110204,0.0959596
U173,34,47,98.8936,0.000752466,0.0899101
U57,60,40,101.15,0.0011825,0.0993455
U330,51,48,100.146,0.00102387,0.0938596
U681,44,52,103.327,0.000854754,0.105983
U871,44,62,99.5161,0.000881199,0.0953535
U627,51,38,99.8158,0.00101068,0.0972461
U74,48,53,101.623,0.000971254,0.0925582
U821,65,52,101.885,0.00125718,0.0993884
U512,44,52,100.481,0.000917407,0.0970079
U407,54,52,98.8077,0.00107436,0.0926034
U148,48,41,99.2439,0.00095691,0.0943978
U727,55,57,99.1228,0.0011261,0.0967473
U701,70,52,101.981,0.00131842,0.0927133
U347,45,42,101.262,0.000916879,0.0940347
U162,41,61,97.8689,0.000833427,0.0972004
U166,53,54,101.685,0.00106461,0.0936634
U459,53,57,100.088,0.00104409,0.0937267
U401,67,41,99.878,0.00126846,0.0930818
U718,41,48,99.3958,0.000882453,0.0955182
U737,46,50,100.9,0.000915619,0.0946704
U558,57,54,103.056,0.00110671,0.107356
U46,48,41,100.317,0.000974306,0.0909091
U52,49,52,103.096,0.00100191,0.100611
U442,64,50,98.62,0.00122217,0.094516
U726,43,48,100.083,0.00091971,0.0967824
U676,67,43,102.651,0.00126186,0.0959266
U868,53,56,101.821,0.00105453,0.0930693
U734,48,48,99.0833,0.000974465,0.095614
U175,39,46,100.239,0.000776987,0.0817901
U40,45,57,100.86,0.000895683,0.0942869
U513,45,49,101.939,0.000947396,0.095429
U25,44,39,102.846,0.000872189,0.0962025
U139,59,43,102,0.0011374,0.0862626
U244,47,39,100.615,0.000958788,0.0943285
U65,42,39,103,0.000859452,0.0946203
U768,55,57,103.982,0.00114876,0.0975741
U22,59,47,99.4894,0.00117233,0.0948258
U396,45,43,102.953,0.000931539,0.0989673
