user_id,total_sent,total_received,num_sent,num_received,fraud_sent,fraud_received,num_partners,num_fraud_partners
U917,650471.5000000002,472629.74000000005,57,51,333157.87999999995,200365.53999999998,56,32
U202,530440.5999999999,314052.17000000004,48,36,254483.31,119598.19999999998,46,23
U813,529559.27,669468.2000000002,52,62,242392.62,363107.91000000003,51,24
U453,574912.14,483710.85,55,47,340987.22000000003,251698.54,55,32
U608,416132.48000000004,466490.69999999995,42,49,214968.51000000004,218322.39,41,23
U463,654235.8500000001,453571.44999999984,60,46,324062.32999999996,206044.66000000003,58,29
U575,612045.94,442505.86999999994,55,46,253436.16,202814.90000000002,55,27
U55,601078.37,407769.11,54,36,339572.67,224832.96999999997,52,25
U924,470235.09,566859.5600000002,49,52,299940.85,268552.94,48,27
U629,552166.8200000002,518721.4399999999,54,50,375092.61000000004,304316.33999999997,51,33
U268,522769.6699999999,425302.20999999996,65,42,273141.72000000003,197390.25,64,29
U394,525634.5,542170.4700000001,52,57,234365.19,281900.17,50,21
U835,559635.6100000001,749075.8699999999,53,68,283575.81999999995,351995.9600000001,52,28
U98,322985.14,492755.8300000001,34,57,184752.21999999997,285167.77999999997,33,18
U963,510597.50999999995,529086.6900000001,53,47,141676.68000000002,334626.82,53,18
U636,563203.3100000002,653856.4,50,65,345667.86999999994,324815.25999999995,49,27
U862,670254.2300000001,506811.09999999986,58,53,323463.5299999999,158762.35,56,26
U301,552024.7600000001,517192.5,54,51,274528.51,201763.18,52,28
U123,425007.05,444191.80000000005,51,50,136394.02,300824.94000000006,50,17
U553,437497.8400000001,588421.4999999998,36,58,205242.11000000002,264072.14999999997,36,17
U692,557157.0000000001,484955.2800000001,53,46,241549.79000000004,218734.72,51,25
U609,573684.2300000002,527001.19,51,53,276788.65,351354.08999999997,49,25
U533,439423.43999999994,483073.9100000001,41,48,167415.08,229613.37999999998,41,16
U379,482681.1600000001,538479.8999999999,57,59,234232.72,249084.56000000003,56,30
U648,507029.8500000001,453215.4999999999,54,38,289426.94,241442.68000000002,54,29
U355,483552.5499999999,407545.61999999994,51,40,279628.67,155925.56999999995,49,29
U317,591197.6100000001,459316.20999999996,57,54,313781.05,196327.31,57,30
U89,566627.97,561843.1000000001,57,60,269972.54,338624.3399999999,55,26
U589,359660.80999999994,604294.8999999999,37,59,137937.74,286311.05,37,15
U942,455303.62,629793.7199999999,45,64,280581.20999999996,298713.1000000001,44,28
U83,517668.39999999985,394010.73,52,45,298638.61,213114.75999999998,50,28
U921,341943.16,591350.7,38,60,125350.84000000001,261141.23000000004,38,15
U601,472774.29999999993,532207.38,46,59,237842.05,256911.4,46,23
U877,524483.6099999999,504110.2300000001,52,47,218429.27000000002,263703.39,49,20
U746,411745.0799999998,489712.4099999999,44,48,162983.46000000002,284897.00000000006,44,18
U896,497541.7500000001,622219.7799999998,49,57,204730.24999999997,256590.53,45,23
U654,476071.98,481561.9599999999,51,46,250947.37,261012.21999999997,51,28
U543,500562.30000000005,664964.27,46,63,298166.48000000004,272380.82,45,27
U978,670765.7,536625.87,58,49,356278.58999999997,329773.63000000006,57,30
U176,319295.99999999994,575787.28,31,56,148255.35,360631.57999999996,31,14
U549,442274.11999999994,512561.59000000014,48,54,181450.24000000005,231344.14,46,23
U955,679407.6000000001,475729.93000000005,82,46,241579.21999999994,202399.37,80,33
U560,498086.06,529665.4699999999,50,59,261565.73000000004,340914.1,50,26
U51,467215.3900000001,450288.0100000001,44,45,242928.75,138614.09,42,25
U637,479657.98999999993,420961.0800000001,49,44,257312.72,214202.07999999996,47,28
U644,545158.3600000001,449899.26,50,51,284567.21,208919.28,50,26
U800,451064.80000000005,526049.4600000001,48,51,236108.04,251919.12000000005,48,26
U143,528062.14,597643.3899999999,52,53,168811.79999999996,351060.76999999996,51,19
U262,589268.87,569048.8399999999,57,53,317236.8599999999,234306.27000000002,55,30
U913,418680.05000000005,560193.2999999999,44,52,197003.9,363478.65999999986,44,22
U992,512572.9499999999,556244.2400000001,52,53,205863.06999999998,249492.39000000004,51,24
U49,580519.9600000001,615519.0900000001,53,61,357581.11000000004,307156.89,52,31
U547,586339.5700000001,646105.0099999999,62,54,284786.69,372182.7099999999,58,30
U811,441124.13,592607.0599999999,48,61,266597.45999999996,280961.04000000004,45,26
U773,425289.61999999994,597252.3500000001,36,52,164401.38999999998,328815.68,35,14
U633,441883.1300000001,360471.87000000005,47,39,240370.35,219237.91999999995,46,28
U863,498025.08999999997,593960.0599999998,48,58,267774.30999999994,291671.6400000001,46,21
U465,603885.1800000003,730565.3500000001,57,68,377042.14,342867.56,54,31
U930,602086.4400000001,639060.0,60,63,241581.99000000005,280082.17000000004,58,23
U871,702939.73,459790.1799999999,62,44,331570.95999999996,235733.98999999996,59,29
U224,558550.4399999998,473172.10000000003,64,49,287575.45999999996,216689.05,62,29
U775,578633.5899999999,365576.38999999996,59,40,323437.28,229026.05,59,31
U771,457501.87,752465.1499999998,39,65,189832.69,454639.0600000002,39,19
U474,460269.42,425455.92000000004,48,43,303704.68999999994,173360.00000000006,48,30
U700,584188.1400000001,419609.6200000001,61,47,203203.09,183905.62,59,23
U219,506771.5400000001,473795.1200000001,51,46,193244.42,263832.18,49,22
U80,487697.63000000006,502818.8799999999,50,56,239111.45999999996,269908.87,49,24
U279,490153.22,574511.7799999999,55,57,215348.82999999996,231789.27000000002,54,23
U40,613155.0200000001,416188.4200000001,57,45,327287.93000000005,210280.95999999996,54,28
U275,537649.32,542628.62,55,53,228154.79,289612.58999999997,54,26
U945,373420.7400000001,549760.95,35,47,192038.14,320985.62999999995,34,15
U211,533777.3300000001,550015.74,49,58,284140.50000000006,264470.20999999996,47,27
U741,410301.31,358545.2599999999,41,38,241526.84999999998,182559.46000000002,41,24
U327,546446.6499999997,480208.06,51,49,313668.4799999999,244029.95,51,27
U891,441146.89,563264.5200000001,50,53,203025.09999999995,319027.7899999999,47,21
U283,653088.4400000002,485231.18999999994,58,46,297479.81,253220.08,58,30
U21,465270.02000000014,394633.93,42,48,208590.47,220560.12000000002,42,18
U205,494139.55999999994,443746.07999999996,50,46,149471.11,177228.85,50,18
U517,529069.41,424840.18,49,42,289415.45,200543.59000000003,48,27
U720,659923.08,469708.6800000001,61,47,323417.14,216339.86,59,30
U42,517770.29000000015,570555.3700000003,52,60,171913.57000000004,341324.62000000005,52,20
U462,468342.8699999998,590156.4899999999,47,54,324110.64999999997,267079.86999999994,46,31
U952,464963.46,476789.7300000001,43,47,203804.93999999997,284513.04000000004,43,21
U285,550346.63,467392.75000000006,50,45,287054.39,212054.78999999995,48,25
U875,528470.79,482037.7899999998,51,49,277630.92,238684.93000000005,51,24
U7,532793.5,553522.3599999999,53,52,268627.36,265039.14999999997,52,26
U24,681690.3800000001,533984.8000000002,65,55,313733.33999999997,232123.75,60,31
U385,446267.26,461216.78999999986,48,48,210909.62999999998,196952.89,47,25
U752,678186.2400000001,603596.9600000001,72,50,217912.66,375564.94,68,27
U366,661829.9699999999,532288.4099999999,59,53,362277.23000000004,355034.98999999993,58,31
U107,472373.81999999995,650249.7000000001,49,63,225391.30999999994,349497.19,48,20
U380,558542.63,579578.4899999999,55,58,329314.67000000004,192842.40000000002,51,29
U790,647708.72,558496.7499999999,64,49,299600.5200000001,330317.7400000001,61,29
U20,527118.2,396747.2199999999,49,43,360111.2999999999,249960.11000000007,49,32
U444,496355.1899999999,333177.12999999995,47,35,241712.94000000003,163437.89,46,25
U501,458488.13,274873.82999999996,53,40,232588.19,78612.54,53,25
U616,368314.7500000001,626004.2799999998,36,58,169166.5,313626.04,36,19
U103,621738.2799999998,441761.24,60,50,258331.97,227419.31999999995,60,24
U294,472791.0899999999,532863.15,53,58,230673.96,370446.65,50,27
U247,440877.5799999999,480489.00000000006,46,49,237526.49,206541.77,46,22
U739,462062.01000000007,395607.9600000001,50,43,294981.44,196897.02999999997,50,28
U531,548275.0,489238.3400000001,56,49,333300.06,287167.81000000006,52,35
U193,437587.55,725010.16,45,66,299304.60000000003,428505.93,44,29
U239,515295.7599999999,466230.48,47,44,248699.04000000004,290359.64999999997,46,24
U661,530263.04,570313.97,55,53,194481.99000000002,265512.27,54,20
U370,521389.48,488945.63999999984,54,51,285893.3,231948.94999999998,51,27
U44,544109.0,557184.38,55,50,260423.98000000004,302924.82000000007,54,26
U296,536643.1000000001,355133.10000000003,51,35,282340.81999999995,191515.3,50,28
U259,455774.4799999999,586059.6599999999,44,52,261045.3,397978.86999999994,41,22
U216,476597.3500000001,533640.4,50,52,223708.91,242989.05,49,24
U638,516024.27000000014,381858.01999999996,45,41,239077.10999999996,170675.75,45,20
U398,462193.43000000005,463131.61000000016,51,50,225601.35,222720.97999999995,51,26
U323,485081.0299999999,531373.3899999999,50,55,293966.86000000004,206329.99,47,27
U631,438581.4799999999,445686.44999999995,51,46,197137.77000000005,233011.06000000003,48,24
U424,671960.7999999999,419993.72999999986,63,50,380100.9099999999,232293.94,61,32
U347,460149.6400000001,493056.3500000001,42,45,271426.49,235736.37999999998,41,22
U386,588893.1500000001,326840.24000000005,57,30,216874.0,198027.87999999995,55,23
U266,549710.02,625463.08,61,61,335282.01,344029.14,57,33
U828,602961.89,576062.4100000003,56,55,326219.19,336830.49,54,27
U815,583245.3499999999,404747.0899999999,53,49,314632.10000000003,203388.54000000004,53,29
U939,428425.32999999996,422696.13,45,47,173928.86000000002,163470.26,43,20
U860,539458.1700000002,615695.86,57,54,200218.23999999996,294397.51000000007,55,22
U607,346283.75000000006,386969.54999999993,35,37,143890.43000000005,261363.53000000003,35,15
U822,559451.4299999999,541186.0800000001,53,49,285964.05999999994,300905.5600000001,49,26
U177,458410.70999999985,438343.81,44,44,219874.08,213539.5,44,24
U932,574376.4100000003,486289.67999999976,61,48,280214.9200000001,275712.66,60,33
U299,599242.44,517135.01999999996,56,51,285498.79000000004,246891.25,55,27
U799,512016.82,462967.4499999999,52,53,355092.88,309622.39999999997,52,31
U568,599218.87,646309.0599999999,58,63,286166.44,333737.45,57,27
U582,466827.8399999999,615252.64,51,59,201269.46999999997,374700.99000000005,50,23
U840,526013.77,364357.54000000004,47,46,294184.34,151821.42,47,28
U837,440009.7,525840.87,47,50,216490.06000000003,216342.52999999997,46,22
U274,406644.74999999994,379893.33,44,42,199351.35,147571.63,44,23
U962,636756.8,477957.29999999993,59,47,297226.8,271313.68999999994,57,28
U470,489317.54,631086.8000000002,55,62,301555.61,242457.00000000003,53,34
U990,491229.48,469186.66,50,44,317746.93000000005,269399.58,47,32
U31,548376.4,388164.77999999985,55,45,218783.39000000004,223614.68000000005,55,23
U832,529543.78,607110.6400000001,49,60,306810.97,313938.8,47,22
U36,417696.76,519231.42,38,45,176470.77000000002,315262.60000000003,38,16
U390,606541.4999999999,360858.76999999996,60,37,227024.21999999994,205087.06999999998,56,23
U991,376814.15,636332.0999999999,39,68,154498.46,291685.64,39,18
U736,402991.25999999995,428131.6799999999,43,45,229422.51999999996,229053.31999999998,42,23
U660,452044.5500000002,530238.4500000002,49,49,195138.19000000003,145900.44,48,22
U658,499086.62000000005,439675.7700000001,54,47,281035.52999999997,284310.64,53,29
U427,581945.64,474480.18000000005,52,42,305948.48,237250.61000000002,52,30
U512,609569.24,441743.85,52,44,349101.47999999986,208158.28,51,29
U238,462121.6600000001,456486.3599999999,52,42,201071.14000000004,199375.81,52,23
U972,600355.03,488993.2799999999,53,50,351190.91,187774.96000000002,52,32
U757,463081.89999999985,385728.8800000001,51,44,293396.28,146527.08999999997,50,33
U210,558346.0099999999,543840.62,58,56,301557.74000000005,247700.24,58,32
U599,508153.49000000005,451140.1500000001,54,45,281023.75,200152.66,54,28
U883,399249.99000000005,447724.5999999999,42,45,105536.79999999999,165901.71,42,12
U499,490417.32999999996,478135.66,50,55,236920.29000000004,274596.51,49,24
U391,508404.22,415798.00999999995,56,48,281684.8700000001,198461.33999999994,54,29
U782,585529.7299999999,531669.8399999999,60,58,250152.31000000003,221429.63999999998,54,24
U662,613418.1300000001,393830.88999999996,63,43,282937.91000000003,228942.31999999998,63,30
U186,547406.2500000001,498216.28999999986,55,52,252137.2,257730.73,54,29
U869,493981.7100000002,587654.7700000001,54,62,228049.14999999997,272608.82000000007,52,21
U395,416400.4499999999,553220.93,39,60,174208.65,243809.59999999998,39,19
U153,427247.8199999999,464089.09,47,48,170648.43999999997,224796.68,46,21
U197,474935.76000000024,605082.8199999998,47,61,247154.46999999997,331428.38000000006,47,25
U671,449428.7800000001,457545.61,47,44,258707.87999999998,250371.53999999998,46,28
U765,522815.05000000005,364954.73000000004,55,43,229116.50000000003,154846.10999999996,54,23
U109,606704.1900000001,604426.83,58,62,313131.35000000003,267477.57,55,29
U528,433864.5800000001,500555.04,49,50,205495.02999999997,288523.30000000005,47,25
U630,411385.08000000013,548429.8100000002,50,50,186436.45,247338.74000000002,49,23
U973,459426.32,437134.66000000015,48,44,224314.96999999997,172572.72999999998,46,24
U984,481544.34999999986,670331.73,52,61,228374.06000000003,361197.37,48,25
U625,505263.0899999999,552237.4699999997,52,53,238950.61999999997,233633.50000000006,50,24
U60,446809.0100000002,715209.4900000001,45,67,226014.15999999997,393859.49,45,22
U732,498177.0799999999,535527.8900000001,53,53,371702.37999999995,286193.67,53,34
U878,575318.2200000002,695102.47,57,71,268773.1099999999,335462.5300000001,56,27
U120,482958.55999999994,501085.6300000001,49,46,256824.21000000002,177874.34,45,24
U34,456021.94999999995,548236.1400000001,47,54,251548.36000000002,315918.8500000001,47,23
U56,526828.16,420862.49,49,50,258683.34999999998,215670.10000000003,47,24
U265,518305.7,425867.38000000006,47,42,276304.1,177518.80999999997,44,24
U576,631796.96,558992.1499999998,66,56,252238.57000000004,305311.9600000001,63,29
U881,444852.57000000007,419830.1000000001,52,44,176170.9,172863.00000000003,50,22
U618,524533.9999999999,445130.9,49,46,309174.6500000001,214658.24999999997,49,30
U602,562298.96,579437.65,56,51,234749.25,294729.8000000001,55,23
U237,356351.9599999999,453073.56999999995,35,46,210488.59999999998,251306.16000000003,35,19
U716,484542.54,574445.23,49,59,213269.41999999998,300181.57,48,20
U226,375237.12,519921.04000000004,37,51,180437.78999999998,244525.26,36,16
U78,537896.3200000001,402067.73000000004,52,42,297029.99999999994,191418.13,50,25
U743,489221.37999999995,656859.5300000001,51,60,380419.62999999995,352676.1,50,35
U506,535921.72,590152.4600000002,52,57,274289.31,323746.5399999999,51,28
U820,491215.0600000001,591033.2599999999,48,58,250223.89,304336.57999999996,47,26
U778,572557.5599999999,468355.93999999994,56,51,310877.81000000006,280144.88,55,30
U69,511445.77000000014,451628.1699999999,50,47,224364.58000000007,278214.05,47,21
U490,514375.35000000003,557979.2599999999,51,53,256741.01999999993,253161.14999999994,51,28
U572,629033.6199999999,495790.9799999999,56,50,383744.46000000014,198265.6,55,35
U297,562802.55,345258.14999999997,61,38,301246.47000000003,192867.76,58,32
U281,426906.80999999994,430406.52999999997,47,45,192799.02000000002,195178.86000000002,45,20
U326,603187.0600000002,646044.1999999997,55,63,300812.9699999999,366076.81000000006,53,28
U189,467395.08,565462.45,49,54,266765.55,302778.19,48,22
U441,447284.29999999993,418546.57,42,43,250017.77000000002,183283.43,41,23
U166,550261.05,569314.3500000001,54,53,310695.1400000001,328233.79000000004,53,31
U233,477011.88000000006,362235.6400000001,52,37,207605.40999999997,172463.5,51,23
U523,593943.0099999997,567609.98,54,50,264115.9,189063.19,51,26
U666,360286.74999999994,384039.30000000005,40,41,187342.14999999997,218052.71,39,21
U680,649265.8499999997,601411.6599999998,63,53,219068.29,307175.75,63,21
U880,563967.3700000001,273476.85,51,36,360426.49,125720.46999999999,50,31
U416,607370.8999999998,463552.24,57,42,313343.12,191382.81,55,30
U855,385008.6200000001,563873.39,38,57,161300.77,332284.97,37,17
U95,537811.4500000001,406876.61999999994,51,40,171246.01,189838.29,49,15
U928,392767.0299999999,482646.88000000006,41,47,235278.54,207282.14,40,24
U63,606685.8900000004,524554.54,53,54,307538.29000000004,276786.74,52,25
U691,490006.39000000013,513478.81,46,52,236236.53000000006,263755.15,44,21
U127,446528.1800000001,610469.2899999999,40,56,282572.95,304358.68000000005,40,24
U792,586761.8200000001,567511.0299999999,61,48,253693.41,282405.1600000001,60,26
U740,397020.02999999997,412375.85,42,43,223261.56,137107.88,41,28
U68,609268.8500000001,507991.39000000013,60,53,280151.42,215425.05,59,29
U884,505995.0000000001,502365.36999999994,52,49,283806.55000000005,213818.08999999997,51,32
U518,434334.5199999999,593625.98,47,58,217910.14,338492.22,45,26
U617,517294.03999999986,459859.1099999999,54,47,224453.42000000004,249661.78999999995,54,21
U926,522097.94000000006,507775.17999999993,50,50,304231.75,213461.26,50,28
U623,497580.08,562777.9900000001,50,57,348482.79,227419.19999999995,49,30
U611,312571.7200000001,511918.40999999986,36,46,129341.67,315915.37000000005,35,18
U126,581887.5700000001,456130.31,58,43,257557.15999999997,204496.09999999998,58,27
U645,632105.19,484155.42000000004,59,55,255225.89,229540.96999999997,58,25
U943,324163.74000000005,666359.0299999999,40,59,164952.99000000002,316584.57,39,19
U624,580442.6999999998,581886.9199999999,60,53,328608.75,255775.05,58,31
U473,513791.29,405232.8400000001,55,47,287236.82000000007,242236.96,53,32
U622,571790.64,480998.51,51,53,317262.83,237396.79,48,26
U685,538695.49,354394.08999999985,48,40,292306.61999999994,205710.19,48,28
U325,638438.12,627848.8200000001,58,60,322747.74,215474.59,54,29
U546,517167.18000000005,489863.18000000017,49,43,285980.05000000005,296094.5200000001,48,27
U307,619978.01,567776.22,59,56,307615.54999999993,227107.27000000005,56,31
U137,609475.1300000001,407446.0499999999,53,44,306064.86,271881.48000000004,53,29
U16,737759.9300000002,467941.69999999995,71,44,392769.64999999997,286774.05999999994,68,37
U39,571867.0100000001,528304.8300000001,61,52,376481.72000000015,278493.61999999994,60,34
U113,414690.98,435160.56999999995,45,45,232587.88999999998,178622.32,43,20
U558,582610.9599999998,516033.74000000005,54,58,341663.4,240015.03000000003,50,29
U989,440808.36999999994,521065.4599999999,44,51,212543.97000000003,251783.19000000006,44,22
U41,565694.26,570207.52,46,54,315633.92,279828.35000000003,45,24
U979,460723.50000000006,646023.7400000002,46,61,223323.88999999996,277362.73,44,21
U8,430807.71,391608.6000000001,42,39,160658.71,241090.94999999998,42,17
U6,459189.6399999999,470229.3900000001,47,47,283298.6099999999,226671.37000000002,47,30
U850,414584.98000000004,500222.3200000001,45,43,191640.28000000006,200974.29999999996,44,23
U587,515506.13,436580.15,45,52,367667.82999999996,213358.16000000006,44,29
U836,390137.55000000005,413705.3100000001,43,45,154842.40999999997,231958.34,43,17
U207,585230.0599999997,511906.56000000006,54,48,262742.58999999997,246001.74999999997,52,22
U677,488162.80999999994,497796.36000000004,47,51,200865.38999999998,324600.79,47,21
U352,627953.2000000001,527473.34,58,51,368561.39999999997,299779.23000000004,57,30
U414,477933.05,566854.9099999999,46,61,293165.53,253812.35000000003,45,22
U351,471310.81,604868.5800000001,45,51,302494.48,372658.63,44,29
U674,680578.54,570829.65,59,57,336385.47000000003,238606.61000000007,56,30
U15,554736.7699999999,401496.07000000007,60,42,327537.4700000001,155656.38999999998,56,35
U353,497877.5200000001,626920.4299999997,47,60,204650.70000000004,248927.40999999997,46,22
U817,507009.83000000013,465714.65,55,45,227964.84,172542.1,54,25
U418,563704.0799999997,410386.2699999999,59,42,320990.48,202401.82,57,31
U27,585330.7800000001,520150.8400000001,55,51,295543.3400000001,237774.08,54,26
U619,485555.6599999999,546888.43,50,55,198551.07000000007,303544.75,47,19
U941,521205.95,480516.0399999999,50,46,311454.12,223203.36,49,28
U498,524949.5900000001,512737.23999999993,56,51,289445.73000000004,275825.24,54,31
U228,422504.55999999976,507021.17,41,49,240826.88,255350.43999999997,40,23
U864,733557.28,555037.7000000001,68,51,435181.68999999994,317704.02,67,40
U121,603664.4399999998,702384.8099999998,55,65,304026.31,382878.33,53,29
U93,530934.3399999999,495395.4199999999,51,49,237832.40000000002,234806.12999999998,51,24
U223,573104.26,585751.5700000001,56,54,283307.67,295500.94999999995,53,26
U91,460692.58,444561.48,45,52,145638.71999999997,169498.93,44,16
U61,460198.07000000007,500773.7599999999,49,48,325074.33,164365.69000000003,47,33
U922,505620.14,492763.4399999999,51,41,235331.27,288529.35,50,22
U651,593723.9799999999,505309.78,68,48,285109.69999999995,298603.0800000001,65,35
U548,497967.6600000002,473587.08999999997,52,51,234037.52,232324.31999999998,52,25
U101,524892.2699999999,409609.2,49,47,230761.53000000003,163356.4,47,23
U387,531156.2599999999,454341.02999999997,52,43,205182.68000000005,238548.21,51,21
U525,495245.96999999986,616834.95,48,66,200600.57,222865.21999999997,47,21
U946,695450.16,522713.6099999999,61,51,378719.14,279520.00999999995,60,32
U129,683771.9399999997,400845.45000000007,60,41,308183.1,205412.62999999995,58,28
U733,499335.89999999997,471635.78,50,49,221791.41999999998,226622.85000000006,49,22
U77,459441.9,684045.0799999998,41,65,190168.61000000002,373396.87999999995,40,17
U854,534114.6399999999,575543.1499999999,51,62,315141.55,284652.55,51,29
U721,630932.3100000002,437585.94000000006,64,48,317939.82999999996,251557.61000000002,61,31
U833,405470.62,490450.07000000007,36,50,230464.77000000002,302689.8400000001,36,17
U74,471232.51999999996,580669.8199999998,53,49,225114.97,364943.8,53,28
U683,468322.93,801295.1999999996,49,70,194409.37000000002,478329.6800000001,48,22
U529,480054.77999999997,520020.16,48,55,204997.55,214617.53000000003,47,20
U261,559644.8799999999,400586.97,48,41,294884.47000000003,168421.78999999998,47,25
U236,512464.19000000006,454115.27000000014,54,48,223868.97999999998,269640.02,51,26
U35,487215.45000000007,496474.4699999999,44,51,336577.96,234987.0,42,24
U483,506117.68999999994,480736.38,50,55,256067.15000000002,268325.33,48,28
U606,370607.18,625504.0300000001,37,55,164230.86,325312.4200000001,37,19
U75,375553.99,538911.9600000001,42,53,225095.99000000002,297138.24,42,24
U446,772654.5899999997,448193.2900000001,70,41,398254.29000000004,181763.67,69,34
U295,413441.38999999996,564990.59,40,56,274729.83,328095.57999999996,40,26
U70,509668.99000000005,588496.1499999999,51,59,275257.65,293597.25,50,24
U486,604798.2999999999,446191.99,57,42,314586.47,242783.0,56,28
U681,532455.3600000001,387505.06000000006,52,44,248033.34000000005,175056.07,51,24
U713,496377.5099999999,513109.48999999993,56,49,302530.45999999996,210114.79999999993,53,28
U400,546373.17,490380.53000000014,51,48,292149.39,108355.43,50,25
U596,486198.6899999998,522810.07000000007,48,52,321022.75999999995,179565.8,47,32
U165,509630.18,458170.6800000001,50,38,325315.60000000003,273933.23,48,26
U201,496153.58999999997,431686.18,45,48,220358.54000000004,213350.07,44,20
U409,491396.44999999995,444684.0200000001,53,49,194902.62999999998,237501.23000000004,50,23
U443,532541.93,536134.87,54,57,275186.24,226594.38,50,25
U491,482579.85,442690.77999999997,52,50,226643.08000000002,171397.61999999997,49,21
U148,369424.3,453768.93000000005,41,48,155621.65,213447.25,41,18
U809,551531.0000000002,566858.59,64,51,242735.44999999995,291330.92,62,30
U434,528413.4299999999,504589.23000000004,53,45,227860.24999999997,243400.68000000002,52,23
U185,594572.1200000001,463960.0599999999,61,57,288748.26000000007,165812.58999999997,59,25
U663,609078.0400000002,460738.47999999986,63,51,262395.73000000004,242367.88,61,29
U944,660765.5,375070.78999999986,62,41,424231.9800000001,189000.46999999997,61,33
U3,380328.82999999996,542214.6399999999,40,58,163489.62,311728.08,38,18
U147,422190.85000000003,575072.82,40,61,203635.14,229634.28999999998,39,22
U464,429874.62999999995,479137.1099999999,45,46,208187.93999999997,263648.61000000004,44,22
U135,566451.86,452844.14999999997,54,44,288165.77,180331.56999999998,53,26
U770,363647.86,462136.7600000001,40,42,136218.93999999997,192172.21000000002,40,16
U940,442747.01999999996,412814.27000000014,42,42,212709.04000000004,226818.12,42,20
U71,513675.45,576248.5200000003,51,60,248331.56,339928.65,51,27
U271,429538.01999999996,586387.4299999999,44,51,227001.96999999997,299911.2,42,23
U532,385923.52999999985,569801.8299999998,47,54,185394.9,298863.47000000003,46,20
U551,421975.9799999999,613137.4100000001,44,62,214799.34999999998,319571.97000000003,43,22
U157,456726.51,603493.35,45,55,271733.26,333253.02999999997,45,25
U729,589523.53,501712.54,62,55,275126.29,228239.10999999996,58,32
U697,527697.6900000001,492125.31999999995,52,43,245331.93000000005,243414.2,52,23
U130,493687.40999999986,403640.33999999997,52,41,323531.08999999997,166712.89999999997,52,30
U634,524236.26,502519.5599999998,49,53,204043.7,224747.52999999994,48,20
U188,466789.90000000014,700435.6599999998,46,69,252798.56,338589.57,45,24
U526,521808.70000000007,593790.34,47,52,351139.10000000003,265675.55,45,28
U754,589429.34,593173.0599999999,58,55,276769.58999999997,354860.44999999995,55,28
U263,525754.6900000001,504565.61999999994,57,53,175748.79000000004,223717.41000000003,56,20
U5,607228.0900000001,425523.9800000001,66,39,279073.24000000005,190736.72999999998,62,33
U367,545651.4400000001,562857.57,54,56,219235.62999999998,260639.56,54,23
U764,467546.77,261946.7,41,34,196284.44,135243.15999999997,40,16
U300,455349.41000000003,444484.4999999999,52,51,246514.03999999998,234283.17999999996,52,24
U870,672642.99,636505.15,59,64,359669.25999999995,355335.05999999994,56,30
U422,565802.6799999999,444120.08,61,47,324344.03,193160.49000000002,60,29
U468,471313.57,418065.0300000001,49,44,281634.94,201383.40999999995,48,30
U730,419936.29000000004,515347.6700000001,39,57,220545.25,284906.06,39,21
U318,460078.38999999984,310332.17000000004,45,35,220158.82999999996,170475.74,43,25
U672,619638.6900000001,565011.35,49,55,248552.0,282735.38,49,22
U676,463962.24,735920.59,43,67,229149.33999999997,368804.22000000003,43,24
U303,530934.0399999999,416502.87,58,44,247149.73000000004,234140.94999999998,58,28
U112,519684.12999999995,476386.2100000001,54,42,259319.59000000003,270273.76,54,24
U419,565776.75,401880.43999999994,57,46,299038.5100000001,191178.91,56,30
U33,369440.97,594609.9099999999,38,60,132823.24,351989.29,38,16
U717,502365.3100000001,484905.24999999994,48,51,313487.53,224427.82000000004,46,29
U47,459374.82000000007,435843.52000000014,48,48,202463.1,297645.48000000004,46,19
U684,422083.65,613860.11,41,58,204833.05000000002,265308.68,40,22
U125,418829.82000000007,505834.69,43,52,189604.05,269764.5,41,18
U251,711058.2200000001,612482.4500000003,75,57,397961.52000000014,243150.13,74,41
U969,661204.2500000001,491746.94999999995,55,54,269968.10000000003,304744.88,55,22
U371,553675.1800000002,427142.50000000006,59,47,386656.83,237856.56999999998,57,35
U816,452232.6699999999,315565.7499999999,47,39,246130.73999999996,179457.45,47,24
U802,417607.24,618063.56,46,58,182530.8,300210.28,45,19
U200,518464.3000000001,414022.4200000001,53,46,230416.62000000002,267598.63,52,25
U812,468158.87000000005,507708.9099999998,52,55,251982.00000000003,256875.32,52,29
U97,454230.4,503745.88,44,49,267059.29,325401.76000000007,42,24
U72,401568.24,519980.83000000013,45,44,233349.07,292611.97,43,26
U249,545737.26,410997.27,52,42,230860.88,226247.79,52,23
U639,465885.7000000001,399727.08999999997,49,39,235217.16999999998,184584.46,48,27
U722,498138.5499999999,375722.38,52,45,239417.62000000005,219857.65,51,29
U751,643585.5199999999,524590.5900000001,64,44,333951.8899999999,224109.77999999997,61,32
U797,434237.58999999997,483405.07999999996,44,39,271428.09,263886.51,44,27
U445,537183.7499999999,536305.35,53,55,238117.91000000003,265282.2100000001,51,24
U755,619002.0099999999,434719.12000000005,55,40,325757.99000000005,147100.1,50,28
U818,508636.26999999996,394307.85999999987,47,38,231949.48999999996,165669.83999999997,46,22
U701,526961.6399999999,672042.79,52,70,339288.98,322301.43,52,34
U907,441479.09,525505.58,51,50,231335.7,295959.57,49,27
U206,537081.5799999998,412020.3099999999,59,43,277128.91,250506.05999999997,57,29
U874,620900.0,592680.5200000001,53,57,250668.77,305050.4600000001,53,24
U170,509321.68,436042.49000000005,51,44,284810.08999999997,223419.33000000002,50,29
U167,539275.19,541399.8800000001,51,52,276023.05,241848.53000000003,51,24
U288,572139.9800000001,475003.8100000001,55,47,377315.23,226368.40999999997,54,33
U150,493957.2500000002,412013.54,52,39,252001.59000000003,224791.32000000004,50,24
U481,721900.87,479805.98999999993,66,47,416420.28,219836.68000000005,65,34
U384,359628.0800000001,451584.22,35,51,200997.31999999995,226675.86000000002,33,19
U417,466278.4200000001,492348.70000000007,50,48,227991.94,216214.82999999996,48,25
U198,366142.27999999997,701092.2799999999,40,64,169185.84000000003,378308.74,40,21
U178,568208.8399999999,516453.75999999995,58,53,261802.8,263978.05,56,29
U293,341427.86,636327.9399999998,37,60,148842.98999999996,394697.39,36,14
U781,508067.7500000001,512747.7200000001,49,47,205921.6,299389.92000000004,48,21
U628,420654.68999999994,609943.2200000001,47,55,207570.72999999998,369055.76999999996,46,22
U980,521026.87000000005,454931.4300000001,55,51,272258.94999999995,127806.35999999997,55,30
U653,423181.6500000001,423395.24999999994,44,41,217629.42999999993,172968.08000000002,43,23
U287,442620.35,663722.8400000002,49,61,220518.49000000002,393503.43999999994,49,25
U382,444267.16000000003,361022.1000000001,48,41,235478.96,180323.08000000005,48,27
U502,506878.7099999999,517837.49000000005,49,48,266809.77999999997,279174.99999999994,48,27
U707,512485.80000000005,502066.82000000007,50,50,271628.79999999993,297682.31999999995,47,24
U702,545710.5300000003,675431.6099999998,47,59,270716.98,357628.09,45,24
U508,414662.55,482342.01000000007,46,46,229714.03,281992.99000000005,45,26
U604,514352.1199999999,490224.9299999999,49,47,253258.00999999998,279372.98999999993,49,23
U988,645840.15,521003.9400000002,59,52,324479.23000000004,273364.20000000007,58,29
U58,416932.08,610389.7199999999,46,54,173564.55999999997,308588.09,46,21
U140,587691.5199999999,349939.27999999997,54,39,324027.93,160556.38000000003,51,26
U603,464440.75000000006,402086.52,54,43,139850.54,219794.78000000003,49,15
U141,629803.2,455031.3999999999,59,50,324237.3,244449.02000000002,59,31
U405,693179.0799999996,451975.42,60,46,363371.42,201404.87,59,33
U819,736284.24,417645.66,65,48,377583.9,217954.13999999998,65,31
U758,528403.4999999999,474196.37000000005,49,45,260081.25999999992,242973.43000000002,47,25
U541,356351.55,491909.1099999999,36,53,152387.59000000003,235149.34000000003,34,15
U403,597908.1900000001,511475.20999999996,55,48,257305.59000000003,215970.65,55,22
U724,439458.27000000014,421110.58999999997,44,51,271719.95,158715.79,43,25
U9,527797.9000000001,523328.8500000001,62,54,229420.53999999995,241005.53999999998,60,28
U524,575102.3299999998,339586.1,59,40,268415.02,197310.86000000002,57,26
U873,475968.94000000006,436383.63,49,46,223099.23000000004,231041.73,49,23
U534,534621.0299999999,502685.3900000001,46,48,216358.94999999995,236672.42,45,18
U918,439910.57,593390.6699999999,47,54,212163.76999999996,263592.04,46,24
U159,498345.52999999997,529371.12,48,49,200660.62,223867.70999999996,47,20
U626,489332.80000000005,393567.07999999996,50,43,211278.38000000003,182286.35,49,26
U694,584513.62,410156.84999999986,58,44,309859.19,181903.97000000003,58,29
U96,573637.7299999999,462827.66000000003,55,52,250594.25,190783.73,55,25
U950,425747.03999999986,508353.56999999995,44,51,218738.67,289242.76000000007,43,22
U759,727309.1899999998,433980.37999999995,67,44,216182.37999999998,228982.05999999997,66,23
U779,614665.18,366196.55999999994,55,46,300671.52,171455.90000000002,52,26
U760,530164.6900000002,509592.49,49,48,221022.26,280305.23000000004,47,24
U756,482602.17000000004,427437.66000000003,51,41,223019.76999999996,244666.78999999995,46,26
U849,565185.9500000001,403143.35000000003,56,44,300382.8399999999,213434.37,55,27
U719,454025.9300000001,432769.68999999994,42,46,216033.75999999998,191602.27999999997,41,20
U383,491631.05000000005,621775.93,52,59,242247.48999999996,370144.2800000001,51,23
U10,459547.82000000007,492479.74000000017,47,46,246999.99999999994,223861.88,47,26
U814,479143.74000000017,490569.34,55,47,282661.89,226352.18999999997,55,32
U749,387187.83,325737.0599999999,43,34,186057.35000000003,198376.32,42,19
U311,466862.4099999999,566077.9500000001,44,52,258573.40000000005,255799.41000000003,43,26
U530,428982.9599999999,618511.6699999999,48,66,225972.80999999997,304147.84,46,21
U149,450255.43,512788.1699999999,45,53,238640.86999999997,299564.55999999994,44,24
U845,473490.19000000024,602194.7100000001,47,53,304377.72,292925.02999999997,47,31
U76,560546.71,434531.7700000001,58,53,317249.55,266067.56999999995,56,34
U769,446384.2099999999,450377.33999999997,49,46,246716.93,220397.25,48,27
U22,501110.63,600943.89,47,59,315055.94999999995,220926.23000000004,47,28
U872,711745.6999999998,539947.9000000001,67,50,384415.09,316727.86,64,34
U305,368855.43,344730.12,42,40,174113.29999999996,188346.23000000007,41,19
U276,529405.3599999999,574214.5899999999,52,59,270875.62,327657.55000000005,50,26
U885,478005.13,427143.6,47,42,304861.8600000001,225821.81,47,30
U258,500437.03000000014,512062.5899999999,51,51,233157.0,278432.7,49,21
U267,467614.13999999996,468471.7699999999,50,50,235267.92,213781.07,50,21
U255,582811.7199999999,546110.4099999999,56,58,305599.99,301095.28,52,29
U504,585197.8800000001,742003.34,54,72,329475.41,309206.16000000003,51,30
U48,618727.2099999998,477732.08999999997,52,46,313945.15,169371.88,52,26
U364,657457.6999999998,380701.41,60,39,318323.13999999996,148096.73,58,30
U362,442458.8000000001,554782.7099999998,41,54,206316.20999999996,235926.54000000004,40,22
U62,425336.4600000001,554572.9500000002,46,53,194333.56999999998,371225.72,45,23
U461,496150.1800000001,603560.0800000001,54,55,288223.80000000005,286426.08,53,31
U807,426688.14,599230.42,49,64,115081.14,239095.60999999996,47,16
U699,452688.09,444493.7799999999,47,46,180448.06000000003,196658.93,46,21
U867,593428.19,442740.54000000015,57,48,263069.95000000007,219772.94,55,24
U509,508339.3599999998,547273.6500000001,52,54,181245.18,297429.78,50,20
U260,502953.27000000014,322329.22000000003,47,33,224699.75999999998,205690.75999999995,46,21
U406,616065.86,462231.76,60,51,307238.47000000003,238421.90000000002,59,30
U336,547844.7499999999,471860.7300000001,51,45,252634.14999999997,217959.14000000004,50,22
U252,569685.71,511916.23000000004,55,50,229906.99000000002,262706.06,54,24
U949,587401.13,401064.92999999993,64,40,238229.33000000007,232377.67999999996,62,28
U826,522029.24000000005,625252.6700000002,55,57,215973.11999999997,351689.46,55,20
U714,536779.95,618709.2000000002,53,65,263010.26,308375.17,50,26
U698,448970.89,608277.76,45,60,213901.73,303228.09,41,23
U240,376529.1600000001,539201.8599999999,43,59,208411.94,241185.60000000003,42,23
U621,474459.8500000001,576375.5899999999,48,54,259314.61000000004,280938.30000000005,45,22
U901,486482.13999999996,461211.4899999998,50,48,196512.91999999998,227972.37,49,21
U114,563670.9500000001,365655.79999999993,56,37,285315.39,128998.72999999998,55,28
U174,502345.4600000001,532244.0999999997,52,52,254004.82000000004,300401.51,51,25
U641,562744.3700000001,527662.6399999997,55,56,336088.72,284028.86,54,32
U889,469649.89,489451.7200000001,52,50,301189.03,207463.95000000004,51,32
U909,493196.86000000016,604364.3600000001,48,56,205029.57999999996,369320.20999999996,46,21
U727,496428.1100000001,614616.5499999999,57,55,290422.63,319165.13000000006,57,36
U897,571159.18,590924.5599999999,60,63,388906.81999999995,303864.11000000004,59,39
U67,499779.26999999996,505263.9699999999,50,42,288498.76999999996,316408.64,50,29
U145,729356.6499999998,567277.8199999998,74,57,406306.29999999993,249428.76000000004,71,40
U847,529977.0500000002,620445.83,47,60,248165.22999999995,266957.98000000004,47,24
U745,491842.63000000006,525919.94,47,53,257277.36000000002,318905.89,45,26
U710,408432.00000000006,465253.1200000001,45,50,193007.84999999998,287737.3300000001,42,21
U753,467219.83999999985,359368.11000000004,47,34,184081.76,168527.21,47,20
U209,498176.22,479786.51000000007,49,48,315770.16,285730.44,47,31
U768,559205.1599999999,563672.4300000002,59,55,318554.41000000003,294069.1399999999,55,30
U173,418916.92999999993,341739.85,47,34,216169.43000000002,132341.30000000002,47,27
U454,569605.3600000001,577505.3599999999,58,54,226143.3,293999.09,58,25
U810,470175.50000000006,642749.3400000001,44,56,243459.68,310085.56999999995,41,22
U208,515130.4600000001,570970.5900000001,51,50,262183.62999999995,352093.73000000004,51,25
U30,492336.18,651043.6600000001,45,62,190192.16999999998,305028.9699999999,44,18
U597,436916.4700000001,500431.77999999997,42,42,230150.86999999997,205098.63999999998,42,20
U933,387451.7200000001,708768.1500000001,46,64,198581.65,383510.24,45,23
U908,640507.63,539535.5299999999,58,58,306005.49,288418.37,57,25
U581,485984.86,453820.82,45,51,193107.44999999998,298853.32000000007,45,17
U340,615858.4800000001,490778.13,54,51,291583.01,217634.90000000002,52,27
U429,547507.53,479117.73999999993,57,52,333279.89999999997,270504.17,55,34
U13,638318.15,561018.4999999999,63,58,319051.3199999999,244190.82,61,31
U457,736411.4400000003,587723.0500000002,65,58,383705.3,290547.2200000001,64,34
U104,466485.3699999999,487245.36999999994,46,53,184611.04,302278.33999999997,43,20
U442,487556.74000000005,669456.5299999998,50,66,263390.47000000003,408972.9599999999,48,27
U982,533730.25,367155.54000000004,51,42,296206.58,191772.15000000002,48,27
U613,636899.5599999998,479255.42999999993,52,45,332117.15,261861.71999999994,51,24
U996,423286.2299999999,471905.04999999993,41,47,199657.78000000003,235612.45999999996,41,17
U196,606814.0600000002,547776.79,53,51,306561.75000000006,268135.93,52,26
U365,375557.88,468328.06,38,44,227636.75999999995,243963.06,35,22
U53,492238.24,574644.9899999999,51,65,257422.85,335288.87000000005,50,27
U723,433836.70999999996,541795.14,44,50,239138.73999999993,316274.71,44,23
U789,536786.14,502217.99000000005,50,42,284667.01,263717.55,48,25
U264,370283.1699999998,346067.78,36,36,219741.99000000002,127435.06999999998,35,19
U242,346371.7799999999,561936.3399999997,37,52,124253.01,253425.90000000005,35,15
U521,487910.56,590363.8100000002,46,54,232523.23,253582.83000000002,45,21
U230,299705.0999999999,607406.8300000001,39,56,160468.82,327253.30999999994,38,22
U329,508325.7599999999,419637.82,44,49,249916.29,238017.21000000002,43,22
U471,577477.5899999997,395407.39999999997,57,40,270920.92000000004,244013.97000000003,54,30
U449,574561.27,613743.7799999999,54,56,258245.96,323474.38,53,25
U191,571760.51,618938.4199999999,58,65,326053.23999999993,300982.82999999996,56,31
U977,500074.17,257505.38,53,27,362607.23,108630.94999999998,50,33
U801,446873.46,616113.6799999999,46,61,253076.56000000003,366060.45999999996,45,22
U73,479559.6000000002,499340.48,54,51,235144.20000000004,256105.92,53,25
U451,325548.26999999996,530625.5300000001,34,53,167222.88999999998,203552.82000000007,34,20
U578,450914.85,443360.69,49,43,220412.10000000003,220208.38,48,27
U192,399101.05000000016,439970.6099999999,43,49,218626.01,209974.31000000003,42,22
U948,593841.3099999999,394639.44,51,43,277763.1500000001,217487.78,51,23
U728,583709.9699999997,265004.02,56,32,317355.25999999995,171415.71000000002,53,28
U221,534435.7999999999,568663.6800000002,50,56,270976.65,289554.67,50,28
U158,470714.48999999993,422914.6400000001,51,49,249811.52000000002,216364.34000000003,51,30
U324,389145.38000000006,551480.3100000002,44,51,211808.47000000003,309368.7,43,21
U787,520813.23,381669.47000000003,52,36,314983.1799999999,200387.1,51,32
U545,432745.52999999997,622730.0900000002,44,57,213787.47999999995,378349.0099999999,43,21
U346,574265.92,588272.34,49,49,232753.69999999998,258967.1,46,19
U269,542428.2699999998,732668.8900000002,50,65,264161.5200000001,438723.6799999998,50,22
U180,596552.5,455484.11999999994,53,46,322021.69,238013.58000000002,53,28
U964,366155.08999999997,659068.7099999998,32,66,223587.11,421568.20000000007,32,18
U415,495402.74,573852.0599999998,50,51,278886.52,269675.48000000004,50,29
U838,627522.67,545781.8000000002,56,57,403320.48,307468.25999999995,54,34
U585,472143.34,480296.32,44,52,249088.45000000004,216161.56999999998,44,21
U432,552393.54,531464.11,60,52,277406.34,324483.59,58,33
U420,502734.9100000001,555005.2200000001,53,58,208433.16,209888.92999999993,51,23
U194,414814.06000000006,534316.09,46,47,200610.48,258552.70000000004,44,23
U595,533125.51,523085.08000000013,46,49,265091.54000000004,276754.32,45,22
U412,474198.0899999999,514759.4,52,55,196327.26000000007,236223.24,50,24
U586,497798.25000000006,623808.25,54,59,289168.93999999994,337992.34,54,32
U376,463556.53999999986,404295.26000000007,39,48,228127.66999999998,178736.05,38,19
U369,351297.82,639138.6100000001,39,63,213161.49999999997,341230.51,39,20
U911,642553.3700000001,461400.7800000001,59,46,330668.48,199482.24,59,29
U231,400077.57000000007,368766.0,39,38,206129.2,134067.69,39,18
U738,430160.67000000004,445319.47,43,46,167298.0,146643.41999999998,41,18
U965,482637.98999999993,488230.23,45,46,218120.54000000004,185445.97,45,21
U718,501266.70000000024,473923.35,48,41,217544.87000000002,215339.75999999998,46,18
U489,478235.74,419103.1600000001,48,43,241101.46999999997,275824.14999999997,47,24
U679,364440.3199999999,433163.41000000003,44,47,166928.77000000005,183995.97,43,22
U970,546489.78,421635.64,54,52,283005.09,224174.44,51,30
U99,542091.77,506278.37,50,44,284381.24000000005,235252.71000000002,49,24
U859,433106.99,567389.9899999999,40,55,259183.11999999997,278266.45999999996,39,23
U514,492137.81,555835.08,51,53,304278.97,239887.01000000004,49,31
U776,614773.11,513571.74,58,44,233381.41999999993,279976.30000000005,57,23
U986,510214.6699999999,570801.8300000001,44,63,304163.73999999993,294262.87,42,26
U144,584465.19,492764.91,57,41,357029.06,256201.83000000002,56,36
U171,527209.13,524364.3300000001,47,49,252387.85000000003,305888.07,45,22
U168,498279.5099999999,460275.01000000007,47,49,286252.57999999996,259600.18999999994,45,25
U448,451448.58000000013,490660.23,41,52,190324.65000000002,200158.65999999997,41,16
U590,538435.12,609105.34,50,64,216015.79,336333.5100000001,49,22
U478,561992.43,528782.7000000001,60,52,205845.16,222230.22999999998,56,25
U974,631957.7400000001,395965.9900000001,59,44,351248.7,280762.84,58,33
U976,428703.6800000001,535356.5700000001,50,59,212455.14,301568.0,50,25
U292,560596.6600000001,591371.05,56,57,196042.33,282956.98,53,22
U349,536278.2200000001,435921.32,55,44,249589.39,215484.37999999995,54,25
U573,470720.72,513030.27999999997,43,53,252956.99000000002,181844.50999999998,42,21
U615,592697.5,476553.11,66,50,280650.07,298863.13000000006,63,30
U381,482651.55,427898.06,47,44,268124.01999999996,282883.6,47,25
U798,481055.30000000005,397218.38999999996,48,36,192193.12999999998,218264.43000000002,46,17
U45,358450.07,639471.0500000004,49,60,148723.36000000002,261598.4999999999,48,22
U848,412091.8899999999,479158.67999999993,45,51,179290.36,277983.52999999997,45,22
U793,532636.12,412241.69000000006,52,41,257057.50000000003,217558.78999999998,50,24
U313,436474.72000000003,545602.4600000002,46,55,189641.99,261001.75,43,19
U84,591246.1799999999,558573.9700000001,57,55,352920.67999999993,269602.34,54,31
U354,465104.1,530569.3900000002,53,51,276602.70999999996,230649.15999999997,52,28
U360,400778.27,543730.14,47,60,280173.14999999997,301975.02999999997,45,26
U538,475383.9599999999,491244.88999999996,49,49,232621.97,220548.48,48,23
U480,487735.1100000001,496283.12000000017,52,53,223247.84999999998,215640.94,51,26
U693,497078.13,432672.64999999997,45,49,271817.17,169090.94,42,24
U229,507163.0300000001,496941.3500000001,53,53,196578.55000000002,190254.27000000002,50,23
U388,412353.83999999985,498887.5800000001,50,47,174150.92,236715.71000000005,47,21
U588,649759.3099999999,483796.01999999996,62,52,337365.76000000007,127353.3,61,32
U1000,411643.59,583920.0099999999,41,64,140255.45,270937.55,41,16
U225,509158.8999999999,564448.1100000001,48,47,252771.1,228639.11999999997,48,23
U516,733861.6399999999,491811.0099999999,72,49,443488.33999999997,293291.16000000003,69,37
U829,415068.33,582657.7999999999,46,55,221594.00000000003,288512.04999999993,44,24
U66,498572.10999999987,516796.97,53,58,171273.57,391699.24999999994,52,19
U657,618791.1699999998,635050.8800000001,58,58,254073.63999999998,227274.01999999996,57,24
U425,481615.5399999999,505161.34,49,55,316860.38000000006,210466.23999999996,46,32
U686,561309.2400000001,451099.66000000003,57,42,240664.68999999992,224001.34999999998,56,24
U131,411106.11999999994,552904.8700000001,40,56,152671.29000000004,214142.45000000004,39,15
U356,450115.51,559023.6,51,51,141819.36,243631.99,50,18
U668,430384.1500000001,445680.8700000001,52,44,268082.07,215079.16999999998,50,32
U81,641025.0199999999,480035.5900000001,57,54,359797.79,201169.24,56,29
U687,377143.1200000001,445729.22000000003,44,43,185388.87999999998,203798.38999999996,42,23
U151,575455.1399999999,632622.1900000001,58,59,232538.77000000002,348822.18000000005,58,26
U401,404058.29,661651.9900000003,41,67,191397.07,308796.66,40,20
U374,453692.1200000001,641784.97,45,61,214156.14,246940.48,44,20
U286,572381.6100000001,659120.3300000002,53,64,348973.64,349073.82999999996,52,30
U839,630728.4199999999,461587.55999999976,57,47,337560.27,183584.52000000002,56,30
U4,638110.41,652216.6399999999,56,65,349762.7,294115.8900000001,55,31
U843,575011.35,628892.39,58,61,299297.24000000005,302693.80000000005,58,30
U515,553809.1600000001,517048.25000000006,57,59,179193.75999999998,256866.11999999997,55,24
U132,517209.11,441285.30000000005,53,48,228920.18,129713.65000000001,52,28
U763,601782.38,506580.2299999999,60,51,256007.81000000003,300511.82000000007,55,25
U253,571836.7699999999,511949.22,53,55,307571.02,285245.42,53,28
U711,614715.6100000001,546289.5499999999,55,54,284410.42000000004,254476.81,53,22
U455,443601.08999999997,491552.0999999999,52,53,158390.90999999997,271521.85,51,17
U956,584817.0600000003,526537.32,52,54,356896.58,203094.85000000003,52,32
U368,487334.83,529952.1900000001,48,47,265546.75,210291.50000000006,48,23
U179,513544.1399999999,664976.5199999999,48,63,322096.74,334261.67,45,27
U620,612213.6299999997,447528.07000000007,65,48,281772.56,167538.49,64,30
U309,536101.0900000002,602649.77,56,61,225191.74,237940.46000000002,54,25
U957,464635.6600000001,688897.2000000002,51,65,207394.34,292798.1699999999,50,26
U953,559749.8499999999,589385.2000000001,55,63,250210.36000000004,338915.41,53,25
U213,393232.01,630495.0599999997,34,61,229720.83,348172.07999999996,32,20
U788,545004.2399999999,538486.4,52,55,352312.05,275712.8,50,31
U650,635773.5299999999,574156.9500000001,58,61,284562.89,292123.9,57,24
U435,468193.7499999999,511399.9500000001,43,47,293578.44000000006,208947.32,42,26
U665,483328.47000000003,516242.69999999995,56,55,283717.98000000004,202382.59000000003,55,32
U574,479232.29,465348.73000000004,52,53,198481.53,207038.63,50,25
U825,627768.7300000001,590202.67,55,56,287235.5,304532.85000000003,54,26
U392,406543.2100000001,406219.3599999999,44,45,168861.97999999998,243331.43,44,20
U282,511194.79,447848.39999999997,51,44,257116.99000000005,243739.28,51,24
U182,604892.6800000002,449532.6499999998,57,51,350001.0,261174.60000000003,55,31
U500,403107.6399999999,407819.70999999996,42,43,180967.94999999998,269198.58,41,18
U708,598861.4500000001,658602.3099999998,57,65,284191.1,267205.39,55,25
U659,430942.29000000004,459554.47000000003,48,43,219552.26000000004,267330.85,46,25
U423,651628.1799999998,452060.6699999999,64,44,418277.63999999996,234945.17,63,40
U431,492126.41000000003,512974.3899999999,51,55,270333.87,279056.13999999996,50,28
U163,311154.2,493085.87000000005,32,50,191514.47999999998,203153.93000000005,32,20
U161,444498.55999999994,482072.04,46,45,227885.91999999995,246752.53,46,23
U544,624396.36,444134.8800000001,61,48,258492.15999999997,256631.56999999992,60,28
U936,457902.36000000004,468777.7299999999,44,47,216684.59999999998,258401.44000000003,42,18
U927,647110.76,566421.0699999998,55,59,358939.83,348342.76999999996,55,32
U190,519217.08999999997,578407.68,53,55,250237.43999999997,332412.76000000007,52,26
U527,627021.7700000003,484467.89999999997,59,52,263585.89999999997,271297.55,59,26
U407,513912.99,516330.4999999999,52,54,276777.39,285931.66,50,25
U823,425257.99,584077.37,40,54,291892.7700000001,310368.56,38,26
U87,593856.2000000003,437781.00999999995,52,41,294198.08999999997,250471.56,52,24
U146,598763.7899999999,526783.8300000001,56,53,292164.25000000006,305859.6200000001,53,28
U199,581437.77,552010.54,58,53,259611.36,233635.92,55,33
U155,649241.6299999998,490750.60999999987,60,49,415709.20999999996,187130.22999999998,60,37
U762,444778.9200000001,577870.0799999998,45,52,177120.78999999998,208358.06,42,19
U511,541153.2,530689.3599999999,46,48,305920.95,235761.17,46,23
U563,416596.91000000003,534573.3200000001,54,57,202649.75,275306.7300000001,52,26
U160,463773.52000000014,512408.36,45,51,267259.51999999996,328518.45,44,26
U241,511088.50999999983,382753.29,50,44,268605.95,235923.40999999997,49,26
U579,516995.08,464750.73000000004,56,43,234344.23,231041.84999999998,56,24
U320,493132.8400000001,555319.5100000001,56,56,200300.51000000004,242783.28,53,23
U447,558912.35,590726.8399999999,49,57,295389.11000000004,290424.35,48,25
U664,511609.3299999999,549170.8900000001,52,56,293987.74,262379.74,52,28
U784,383990.23999999993,543953.7400000001,40,55,194862.88999999998,260717.53000000003,38,20
U876,491007.12000000005,446541.80000000005,50,47,230540.47,240787.94999999995,50,29
U856,389018.22000000015,454034.24000000005,40,45,139112.45999999996,156797.16,38,17
U598,462533.64999999997,548205.67,46,49,279815.41,307308.95,46,25
U925,463681.3800000001,496950.78999999986,46,46,183829.94,288145.48000000004,46,20
U338,460563.08,398074.0999999999,50,43,194227.78,157463.24,49,19
U321,494827.87,557399.89,48,53,219363.21999999997,273142.58,47,21
U565,447223.17,430579.55,47,45,209091.06000000003,174345.96,45,21
U479,520994.3,473802.94000000006,48,43,301760.81999999995,285077.63000000006,48,27
U934,424214.3499999999,482804.63000000006,46,48,276572.2899999999,277210.19999999995,45,27
U906,444212.70000000007,731289.58,44,65,221759.56999999998,426592.85000000003,43,24
U961,492919.24000000017,469206.96999999986,47,44,241764.29999999996,278911.9200000001,46,25
U290,676033.94,602072.45,65,55,307940.58,329589.27,62,30
U915,469129.90000000014,601698.9899999999,48,57,193880.69000000006,272615.27,45,19
U438,408353.6800000001,562058.2500000001,39,54,236733.09,248328.64999999997,38,24
U65,403067.1099999999,366303.53,39,42,253051.09,188383.14,39,23
U890,457021.50000000006,542129.7,44,48,156484.7,246149.32000000007,44,17
U389,467134.7800000001,420824.5,51,45,248722.95,181370.64,48,29
U484,604633.06,400242.60000000003,59,42,220969.37000000005,156517.15,58,22
U11,464868.58999999997,610299.2800000001,46,53,245434.65999999995,316453.56999999995,45,22
U312,625738.7100000001,421794.8699999999,61,44,353335.5600000002,221091.30999999997,58,33
U204,498183.42999999993,315175.65,54,30,272197.74,108744.46999999999,52,29
U791,558462.49,485876.37,53,49,249172.83000000002,309259.18,52,25
U257,508214.76,431771.10000000003,56,45,173559.27000000002,199425.99,56,22
U605,696127.0200000001,658789.71,67,61,437691.8000000001,383469.2899999999,64,37
U892,467551.03000000014,609548.9299999999,46,58,222388.26,347635.97999999986,44,22
U852,609525.6300000001,487444.3499999999,65,50,240207.18999999994,227253.53999999998,63,28
U971,642439.1700000002,403833.83,53,45,342346.17000000004,219443.79,52,26
U712,533143.1399999999,447846.94,51,56,211091.31999999998,174989.04000000004,49,20
U987,416304.9299999999,419412.94,44,39,276444.97000000003,285706.74,43,28
U456,498893.4399999999,532272.86,52,54,182090.47,249333.11,50,21
U675,505246.31,672177.8699999999,45,66,229851.12,312207.32999999984,43,23
U342,549864.2400000002,517116.4999999999,57,50,369833.43,288843.35,56,36
U111,517807.6300000002,459227.1,51,48,257638.13,198936.76,49,25
U32,582552.17,502351.3999999999,59,49,338160.46,195999.33000000005,54,32
U669,534964.22,577984.48,51,52,238134.59000000003,316311.44000000006,49,25
U246,472516.29999999993,387388.61999999994,49,36,295241.41000000003,196941.37000000002,47,28
U332,409296.9200000001,677586.0300000001,50,60,193676.77000000002,359159.19,49,25
U785,590484.9600000002,578313.1399999998,66,55,297274.01,342545.3,64,34
U559,383173.7899999999,560596.77,45,50,149745.38,249336.69999999998,43,21
U222,387196.55000000005,538774.4400000001,35,53,206243.39000000004,221626.15000000002,34,19
U556,432756.53,468441.70999999996,50,45,198793.92999999996,284050.02,47,22
U341,244103.80999999988,559639.7100000001,31,51,178769.09,249168.3,31,18
U853,456305.7699999999,490574.9500000001,43,44,302119.43999999994,237489.21999999997,42,26
U439,466119.56999999995,428937.45,46,44,314332.62000000005,193808.04,45,27
U12,427098.05000000016,443737.11,42,49,236230.84999999998,178556.40000000002,41,23
U646,425440.92,485086.74000000005,42,47,156886.65000000002,215491.71999999997,41,19
U270,488008.61999999994,507056.38,53,48,157277.98,245337.59,52,19
U134,449036.80000000005,502303.80000000005,51,51,212970.56999999998,230006.34,51,26
U893,384364.88999999996,400759.36999999994,36,43,197072.45,226949.19000000003,35,19
U564,466901.57000000007,420255.1899999999,54,42,246736.21999999997,160478.95000000004,54,27
U612,466739.07999999996,430346.74999999994,51,43,267699.72000000003,237335.09000000008,49,26
U865,410502.36000000004,453180.7499999999,47,51,256360.12999999998,245904.71,46,30
U931,557414.9899999999,370263.08000000013,55,42,291176.50999999995,152423.78999999998,55,29
U929,381821.02999999997,539345.3899999999,41,55,172737.27999999997,254120.99,41,20
U289,508198.53,606802.41,48,64,278470.12000000005,337078.7,47,25
U116,546586.42,517575.06000000023,49,47,261636.56000000003,149594.18999999997,49,23
U899,451493.91000000003,464578.18999999994,51,45,323835.11,216019.32,49,29
U278,539636.7299999999,497280.58,50,54,194539.89,352042.85000000003,50,23
U920,416685.50000000006,535755.34,48,49,169894.15000000002,254517.40000000002,47,18
U19,449822.52,666796.9100000001,46,61,254294.55999999994,321748.13999999996,45,28
U647,535799.5500000002,567275.9400000001,48,56,347408.80999999994,244802.08000000007,48,29
U690,430617.23000000004,626047.6099999999,47,60,222103.88000000003,344185.86000000004,46,25
U734,545219.0199999999,484226.4299999999,48,49,343049.23,208173.32000000004,48,28
U348,592615.8199999998,499107.43999999994,54,52,270524.36,232718.69,53,24
U212,384446.8600000001,648224.7799999998,38,60,249735.77000000002,383650.41,37,23
U522,334749.93,538876.2799999999,35,50,145809.56999999998,330998.17999999993,35,15
U688,546231.79,508780.0300000001,50,53,295416.9799999999,253654.01,48,27
U842,424666.87000000005,573307.3800000002,45,62,198998.16999999998,287955.24,45,22
U705,443444.83999999997,486251.6000000001,43,46,232263.85000000003,182739.4,41,24
U550,537368.3600000001,567961.7,50,63,248351.08000000002,333556.0,49,26
U593,388110.6999999999,454748.36999999994,42,51,208086.86999999994,137454.54,40,22
U947,487337.5900000001,483329.6400000001,52,45,202401.74999999997,232004.81999999992,49,23
U652,466519.1800000002,628358.7500000002,50,55,254185.2,242075.81000000006,48,29
U152,622413.96,430143.46999999986,58,42,311313.55000000005,258241.38999999998,58,30
U747,482890.2500000001,554191.76,48,54,270493.26999999996,292245.61000000004,48,26
U555,556879.7799999999,469446.17000000004,53,50,220108.7,252776.18,50,23
U477,685272.8499999999,464934.44000000006,54,46,283743.88999999996,215019.80000000002,53,22
U655,426488.14999999997,565545.8099999999,44,55,254318.59000000003,280829.56,44,23
U866,523912.9800000001,568333.6,53,52,328624.08,322236.79999999993,53,34
U310,560160.9299999999,512610.58999999997,57,51,259414.29999999993,289340.17,56,28
U552,359362.29000000004,613661.2600000001,41,58,181306.93000000005,269136.45999999996,40,23
U14,522409.09,384020.9400000001,57,41,329758.5599999999,185241.22000000003,55,35
U108,538050.3000000002,428699.38999999996,59,52,280768.27,203937.66999999995,58,30
U333,439390.81,443440.4799999999,44,45,195797.40999999997,219883.15,44,18
U234,451645.17,590744.8500000001,48,57,203168.45,309595.98,48,21
U570,526084.4899999999,392683.00000000006,55,42,296402.43999999994,246205.75000000003,55,31
U334,382484.6700000001,517661.56999999995,46,45,241180.64999999997,225389.12000000002,44,29
U737,520831.80000000016,487101.01000000007,50,46,285919.11000000004,184349.55000000005,50,26
U110,424156.83000000013,466574.44999999995,47,54,151587.89999999997,148205.78999999998,46,17
U26,537641.86,500645.92999999993,51,43,250473.48999999993,276514.3599999999,51,25
U715,383090.63000000006,507119.8400000001,48,52,157646.55000000002,266500.75,47,18
U220,601627.5099999999,419544.27999999997,64,43,394610.23000000004,231079.33999999997,63,39
U981,543695.6500000001,429854.8200000001,55,48,253454.35000000003,266837.0,53,26
U841,403704.77,383451.21000000014,48,36,265767.7,207904.22999999998,46,30
U554,462247.34,636949.39,50,67,286747.48000000004,256299.94999999998,47,28
U358,466170.92999999993,603417.6600000003,52,53,254410.27999999997,351171.32,52,27
U795,433626.3199999999,530825.9100000001,41,51,209643.52,310878.1700000001,40,21
U967,472931.1900000001,595902.9499999998,46,58,193053.68000000005,303245.87,44,22
U291,610790.4699999999,580246.5399999999,58,54,357954.7100000001,237643.44999999995,57,34
U983,342676.23000000004,448735.1500000001,31,43,144160.56,228166.36999999997,30,13
U851,454754.49000000005,706378.2400000001,49,64,224238.72000000003,359812.26,49,25
U844,649460.89,525594.3100000002,62,49,273431.36,310778.17000000004,59,26
U280,489697.72,424369.75,48,44,171118.04,184231.61999999997,46,19
U678,530212.2499999999,599771.0700000001,52,51,271480.27,260533.03000000003,49,29
U510,461429.08999999997,392543.93000000005,42,40,222644.88000000003,105975.25,41,23
U476,399475.27999999997,588666.37,45,62,182136.15000000005,385291.87,44,20
U580,595436.9899999999,439253.38,58,43,306095.9799999999,256414.5,57,29
U796,425062.51,570178.95,42,58,272970.61000000004,265760.5799999999,41,26
U894,650385.4999999998,494452.81999999995,64,47,351303.36999999994,255687.67999999996,62,33
U156,470104.3699999999,506869.57999999996,50,49,255730.85000000003,239942.07,48,24
U363,556171.68,499777.4400000001,56,43,320051.94,220078.72,55,32
U142,544536.5700000001,468361.2899999998,58,49,267141.05,216061.75999999998,57,29
U905,379182.12999999995,561959.2999999998,39,56,173642.18000000002,257667.96000000002,38,15
U397,475531.2700000001,426230.97,49,45,219255.06000000003,168764.19,47,20
U649,671542.2599999998,654802.8099999998,63,61,291400.86,391576.27,61,29
U493,493549.39999999997,514349.08999999997,46,53,256948.02,222684.83000000005,43,23
U591,349519.6400000001,405837.6099999999,42,36,241333.18000000008,267389.67,41,26
U610,490324.14,489941.76000000007,45,51,256769.65000000002,227842.01000000007,44,24
U725,485842.93,477996.07999999996,44,51,204394.10999999996,241959.24000000002,43,17
U935,494207.8400000001,498615.17999999993,49,45,168426.40999999997,246164.28999999998,48,17
U919,370714.61,477296.20999999996,36,49,174621.62,275925.35000000003,36,16
U830,547873.81,552353.62,60,44,328546.63,275856.75,60,37
U218,447040.6599999999,496120.2899999999,47,47,228602.48000000007,232980.33999999997,47,23
U82,618404.0,569945.5099999998,60,55,357974.3400000001,324880.4,59,35
U492,554124.4700000001,498288.69,52,53,240552.18,293744.07,50,25
U37,468042.41,462575.1299999999,50,44,219390.34999999998,257235.02,49,27
U466,425559.42999999993,394555.2100000001,45,41,173185.43,258981.42999999993,43,20
U18,498748.93,365937.68999999994,49,38,183816.04999999996,147147.56000000003,48,22
U774,574190.4999999999,558396.4099999999,55,56,314128.10000000003,303836.0999999999,54,27
U459,678799.53,509340.62999999983,57,53,235557.18999999997,321318.81999999995,57,21
U319,450210.1500000001,369260.1500000001,44,45,230066.14999999997,182867.89000000004,44,26
U808,434208.85,458770.77,48,50,191284.96000000002,235593.18999999997,45,18
U592,532090.0499999999,638195.52,49,58,239578.92,351609.32000000007,49,22
U794,792965.4200000002,382812.70000000007,70,44,396149.55,216824.91999999998,68,37
U632,462084.5100000001,475874.3,44,47,161275.95,201773.20000000004,43,15
U183,528117.2799999999,463643.96,55,43,210636.83000000005,199104.50999999998,53,22
U172,458126.64999999997,364827.15,53,37,168409.63999999998,184386.74999999997,52,20
U452,357644.3600000001,522258.9399999999,40,51,183307.99999999997,228642.0,40,20
U361,383857.33,385705.34,39,39,206136.0,215930.41,39,21
U350,425582.8799999999,403177.1700000001,49,40,205949.44,146726.71,47,24
U428,476410.05999999994,459439.35,51,42,186456.9,250627.83999999997,47,21
U539,562561.8600000001,586160.13,62,59,228444.97,291546.18,60,26
U43,552201.2499999999,601295.37,50,63,278963.81000000006,269183.5,49,26
U128,503685.9500000002,369283.4400000001,52,44,277111.82999999996,155753.94,50,23
U640,480703.54,533126.42,48,50,252218.34,287926.94999999995,45,21
U667,460473.17,453640.51999999996,46,46,158380.35,286476.6599999999,44,18
U834,477299.9900000001,427157.46,47,42,289128.15,192414.08999999997,46,29
U742,455192.5900000001,496495.6500000001,48,50,243157.91000000006,206746.81999999998,46,22
U577,651953.6900000001,509104.87,58,51,268180.32,250881.36,55,26
U52,517827.93000000005,557062.2299999999,52,49,287417.22000000003,327915.08999999997,48,26
U744,546425.6299999999,392890.05999999976,53,46,282488.82999999996,211831.92,49,28
U495,328010.63,466125.71,36,51,141850.57,267750.54,35,15
U731,590040.6199999998,516018.5799999998,62,52,346037.88999999996,242370.79,59,32
U673,451750.80999999994,414678.61,37,46,221328.46000000002,239009.22999999998,37,19
U181,496993.5300000001,315236.33999999997,49,32,229967.67000000004,141551.31,46,22
U373,516724.0199999999,522165.02999999997,55,50,215140.92000000004,299187.4799999999,54,27
U726,615744.8600000002,414304.7199999999,48,43,374715.0,227521.58000000002,46,28
U124,332828.5000000001,622306.7499999999,39,60,162831.81999999995,342903.29,39,20
U557,514215.48,540552.5399999999,51,51,243121.50000000006,213860.83,49,23
U910,424840.8899999999,456381.7199999999,35,51,157664.06,182259.98,34,15
U767,555671.9000000001,495336.26999999996,55,51,282232.36,296989.57999999996,54,28
U806,542101.0700000003,555163.2799999999,56,55,267146.73999999993,283187.7,55,25
U154,585500.6899999998,420919.7200000001,46,43,314463.02999999997,222431.65999999997,44,22
U339,589129.77,387807.4800000002,61,42,318543.80999999994,130910.70000000001,59,35
U250,401556.99,465054.82999999996,35,47,166416.45999999996,244322.70000000004,35,14
U494,530792.7099999998,647994.3400000001,54,60,309489.3399999999,325686.80000000005,52,27
U343,589285.3,513668.7099999998,53,55,206192.55000000002,247499.92,53,21
U85,382943.50000000006,499747.95999999996,41,49,250469.45,270488.2,41,25
U215,522416.8599999999,535009.1900000001,52,50,262853.01,333869.42000000004,51,28
U315,507492.9400000001,303749.0900000001,48,37,261758.63000000003,169136.45999999996,48,23
U138,529094.7400000001,569256.0599999999,44,60,358858.52,276752.33,44,28
U670,567006.7299999997,480196.85,52,46,283342.07000000007,195349.24,52,24
U102,686695.7599999997,483555.83999999997,59,47,374308.32,345258.22000000003,59,35
U709,451548.5999999999,461130.2,44,43,196668.58000000002,272077.38,42,19
U614,511083.35000000015,469000.59,52,45,261370.25999999998,207969.74000000002,48,24
U898,483460.05,407132.88000000006,48,44,293204.7700000001,203532.43000000005,48,26
U426,433223.02,616857.5799999998,45,59,191499.84999999998,294184.76,44,19
U328,496115.48,656401.8000000003,51,64,200100.64999999997,288279.38999999996,51,23
U519,523087.2000000002,384408.92999999993,49,35,237277.48,172252.37,48,22
U960,551785.56,471184.31,52,50,292613.17999999993,212669.13999999998,52,30
U433,453567.39999999997,490611.86999999994,50,51,216703.94999999998,208276.62000000002,50,25
U57,420950.4400000002,559263.5000000002,40,60,233624.7,279276.45,37,22
U304,344588.24,456042.01,36,50,179943.62000000002,167057.44999999998,35,19
U1,589547.6099999999,491681.82,54,46,313519.82,261622.97000000006,53,28
U331,350811.35,534378.28,36,54,128658.2,354096.25,36,12
U695,420078.48999999993,585310.6699999998,51,60,135587.34000000003,299064.96,50,18
U396,405705.73999999993,420066.59000000014,43,45,204457.23000000004,220707.59,43,24
U467,388750.34000000014,576032.55,42,58,163986.37000000002,331448.98000000004,42,17
U243,509474.2799999999,446271.95,51,38,269074.2,228718.79,48,25
U535,429781.68000000005,512110.1999999998,42,53,180482.12999999998,290211.45,40,20
U748,486569.49,590134.39,43,55,240484.50000000003,275645.41,42,21
U273,415948.6700000001,536953.69,44,56,266645.67000000004,294987.99,41,28
U436,459578.61,422496.25000000006,47,44,232731.39999999997,223178.32999999996,44,24
U916,564135.3899999999,492199.3499999999,54,49,201952.7,198294.59000000003,53,22
U886,700025.1700000002,498161.5299999999,60,50,325410.71,296503.73,58,27
U254,396660.0399999999,450390.14,45,44,206543.04000000004,188559.86000000002,45,23
U861,453968.57999999996,477019.33,45,48,231760.44999999995,241226.75000000006,42,22
U520,441244.9600000001,430337.66000000003,46,42,223785.84999999998,146535.21,46,25
U780,539287.57,483195.0000000001,63,46,259494.14,226455.11000000002,60,26
U404,391888.8400000001,469784.50999999995,38,41,198493.78000000003,242430.29,37,19
U100,446216.14999999985,531640.41,50,52,251214.86999999997,254021.8,50,30
U377,353912.85,507989.12,37,51,162824.73,232310.55999999994,37,17
U437,490629.66,670512.8,49,55,245751.89999999997,354946.89,47,20
U569,321531.7499999999,436290.92000000016,41,38,162772.49000000002,217854.34999999998,41,22
U542,427402.68000000017,613140.3200000002,42,57,217013.67,286916.57,41,22
U29,461284.74,425039.07,47,41,260636.64,157354.71,44,24
U187,417003.35,490485.7099999999,43,56,235412.24999999997,238160.99000000002,43,22
U284,394446.0899999999,469533.0,40,47,240544.85,210352.64000000004,39,21
U827,714764.7100000004,473687.17999999993,70,51,338188.20999999996,296887.64999999997,65,35
U902,381254.38,336599.4599999999,44,36,163422.40000000002,136202.36000000002,42,20
U227,353339.91000000003,397437.38999999996,42,47,153419.49000000002,230538.64,41,19
U682,493220.74999999994,433376.67000000004,44,38,276205.67,244913.53999999998,42,23
U600,453944.32,525777.7100000001,47,51,232909.60999999996,288989.11,44,24
U804,457874.27999999997,524448.5299999999,47,53,246835.37999999998,272245.38,46,25
U786,608187.1100000001,479852.94000000006,64,50,321066.89999999997,313257.02000000014,63,32
U966,475342.47,304548.85,49,29,299115.42000000004,91838.05,47,30
U537,368797.38999999984,458465.53,47,43,228144.55999999994,218044.78999999998,46,28
U846,491177.67,471558.6800000001,52,45,275428.58,245534.03,52,28
U175,461567.24000000005,404461.63,47,40,242534.29000000004,212493.99999999997,44,24
U408,624574.8700000001,530398.2799999999,60,50,326455.88,214025.22999999998,57,28
U330,530249.4199999999,502973.17999999976,48,51,198778.46999999997,158476.27000000002,48,19
U496,606759.2699999997,608625.8100000002,51,59,254937.79999999996,263574.06,49,22
U94,375090.86999999994,367184.8500000001,40,34,210915.35999999996,157708.65,39,23
U994,599471.92,596354.5200000001,65,58,264173.4,256701.13,63,33
U803,390934.57000000007,389605.49,39,38,203804.87,220710.77000000002,39,22
U402,503292.3499999998,572803.13,45,58,217588.1,254050.83000000005,45,18
U248,474236.5699999999,424838.5699999999,49,50,272560.92999999993,223240.63,48,27
U375,580077.87,522530.13999999996,58,55,190636.41000000003,243142.03000000006,56,27
U169,573083.67,470649.7600000001,59,44,290908.15,284362.25,57,27
U302,505733.30000000005,564606.9100000003,50,55,267389.75000000006,296095.59,48,27
U642,586706.83,453241.28,49,43,292322.54000000004,239733.7,48,24
U410,490866.46,398452.49000000005,44,46,221065.08999999997,225186.74,43,17
U951,490834.1100000001,447583.23,47,51,216214.06999999998,275037.01,44,19
U122,399402.33999999997,481530.13000000006,40,48,216186.19999999995,259776.62000000002,39,19
U136,471890.37999999995,635947.8999999999,42,66,169849.44000000003,323622.9200000001,40,17
U118,503396.3400000002,467538.17,50,53,249408.50999999995,205288.73,49,24
U469,402937.0300000001,487608.99000000005,39,42,164944.02000000002,313743.19000000006,39,18
U571,564080.8200000001,548677.5300000001,56,52,227726.16,269368.13,54,24
U79,550161.69,424166.06000000006,53,46,231824.55000000002,221040.60000000003,51,23
U54,592912.7999999999,552519.13,53,59,318322.82,260424.34000000005,50,26
U879,482143.72999999986,526488.64,53,56,240032.15999999997,242090.09,51,24
U783,479456.57000000024,630889.8200000001,43,57,226870.33999999997,337121.6499999999,40,21
U217,474876.37000000005,522236.7000000001,47,50,260108.94999999998,223781.13,44,23
U2,428356.29,498288.82000000007,48,47,212890.92000000004,224972.94999999998,48,26
U761,384851.22000000003,540224.34,43,58,201035.94000000006,230580.90999999997,43,21
U937,436024.08,488711.15000000014,46,50,221324.94000000006,264055.51999999996,46,25
U505,641575.6,454314.9,66,48,274188.48,287492.36999999994,65,29
U235,462808.94,397186.05,46,37,262462.16,204370.25,45,24
U430,489680.50999999995,421542.82999999996,47,45,222028.32000000004,270945.83999999997,47,21
U50,561721.31,376153.98000000004,56,42,277848.4700000001,221669.77000000005,55,27
U993,551018.03,461443.88,50,49,254603.77,218652.32,50,24
U772,391822.12000000005,522280.1099999999,45,56,240999.28999999998,187350.52000000005,45,27
U643,622591.52,467115.1299999999,55,49,251178.07,219728.17,53,25
U904,511568.50999999995,496632.8500000001,54,51,190530.59999999998,326121.04999999993,53,23
U868,579699.6900000001,528006.4199999999,56,53,345782.11000000004,265104.86,53,30
U450,614803.44,477096.68999999994,57,50,300707.55,238035.38,55,26
U17,605997.96,389039.6099999999,56,46,327807.16,240414.31999999998,54,25
U938,500689.52,597922.6499999998,49,55,309673.30999999994,304001.94,47,27
U805,577482.92,416356.2,57,37,279263.76,222945.52000000002,55,29
U308,449980.81,525840.55,47,53,271085.33999999997,265308.83999999997,47,27
U656,477282.8200000002,656911.3,48,65,219690.19,289531.7299999999,47,22
U627,416767.55999999994,554079.9300000002,38,51,244738.46,217124.73000000004,37,23
U704,494536.4599999999,442862.26000000007,47,46,200981.01,131877.59999999998,47,20
U472,501297.57,361460.25,50,32,260479.18999999994,168900.66000000003,46,26
U393,469615.34,480774.83999999997,45,46,260578.4,286140.99999999994,44,22
U25,406859.3600000001,417346.36000000004,40,45,172347.93,250318.81000000003,40,15
U696,534212.5000000001,485274.1599999999,51,46,269263.37,247093.61999999997,51,24
U164,373106.15,500694.1500000002,36,56,180932.94000000003,238340.03000000003,36,17
U540,577576.6799999997,591375.6699999998,60,52,352174.76000000007,357128.08999999997,59,32
U968,480692.56999999995,564568.2300000001,44,53,214695.5,287601.20000000007,44,20
U59,371783.05,609536.4899999999,43,56,192622.83999999997,240884.91999999998,43,24
U882,498898.79999999993,573423.5700000001,44,52,237680.16999999998,250300.96999999997,43,20
U458,473249.68999999994,471975.21,43,50,285696.94,206390.18000000002,42,23
U335,455087.0600000001,459111.15,44,42,217244.21999999997,252728.82,44,23
U139,415313.63000000006,606080.9099999999,43,59,205671.65,320137.63999999996,43,20
U487,444129.4399999998,501570.70999999985,43,51,164842.66000000003,322008.45,43,17
U162,543433.58,433679.6700000001,61,42,317082.98,183386.28,59,33
U277,502220.5,472654.8700000001,45,45,229341.66999999995,295466.70999999996,43,19
U88,470678.55,476026.74000000005,42,47,186681.37000000002,215035.6700000001,41,15
U316,480377.3899999999,438019.8400000001,50,43,196620.45,234318.32000000007,50,24
U706,612158.95,534043.45,53,57,324045.88,210883.47999999998,52,29
U115,457160.2899999999,287420.26,50,38,144134.81,127302.76,50,20
U959,399616.39,521515.91,35,49,191451.05,153100.63999999998,35,19
U357,406629.32,461296.63,44,45,146892.76,212372.72999999998,44,17
U460,606364.11,343566.15,57,35,322933.8,161370.09999999998,54,31
U244,422059.1200000001,397316.68000000005,39,48,288655.1699999999,283090.02,39,27
U411,507795.6400000001,495383.93999999994,52,50,218678.95,274850.31999999995,52,22
U133,540931.9299999999,497018.3999999998,56,44,271874.25,243857.26999999996,53,29
U985,643776.0599999999,568559.1299999999,57,54,240825.29000000004,356017.7099999999,55,24
U184,698059.8200000001,522216.6299999999,64,55,421813.09999999986,241013.02000000002,62,32
U912,547991.94,667488.33,55,64,192110.28999999998,318778.97000000003,54,22
U635,548761.8000000003,519713.1400000001,51,49,205539.25999999998,288014.32000000007,47,20
U322,548192.63,364879.5000000001,52,42,268829.83999999997,187138.07,50,23
U90,531398.25,399530.98,57,48,278353.25999999995,260438.84000000003,56,31
U750,609754.88,518466.5899999999,55,57,315571.5800000001,289450.35000000003,50,27
U903,537955.9700000001,403421.57,54,39,234987.66999999998,248701.62000000002,53,22
U482,378719.43000000005,469023.38,46,44,240061.52999999994,178095.07,46,26
U298,399215.8,410541.3599999998,41,42,202233.45999999993,198812.96,40,21
U245,573283.07,549233.5200000001,58,49,365574.31,315463.0,55,37
U86,430632.31000000006,539001.02,48,55,211203.41,273281.16,46,25
U975,523513.51999999996,594897.27,53,62,277116.17999999993,325240.34,52,30
U256,448924.88999999996,594375.72,46,55,215522.9,200178.62000000002,44,20
U507,431913.47000000003,683557.4699999999,44,65,251066.92,395415.11999999994,42,27
U359,469140.79000000004,445360.6699999999,40,45,232662.46,223029.11999999997,38,21
U998,532394.8600000001,515213.59,56,50,262748.36000000004,195660.95,54,30
U46,416800.58000000013,418861.69000000006,41,48,197806.56,232641.29999999996,41,20
U119,481994.3500000001,536928.85,49,51,243458.00000000006,247045.75,48,23
U306,631426.7699999999,479898.34,62,49,341589.04000000004,259516.47999999998,61,34
U562,485910.2099999999,464079.04,46,45,290989.35000000003,215378.08999999997,45,26
U536,553521.27,476506.9800000001,55,45,320706.3199999999,192975.71,53,31
U475,383467.38,581123.2800000001,38,57,285563.12,300966.82999999996,37,29
U195,626885.4200000004,559330.6600000001,64,51,228497.12,348701.41,63,31
U995,569729.8700000001,469737.08,57,44,253326.88,210879.38999999996,54,26
U232,524394.7099999998,518281.89000000013,60,53,285567.98,220098.68,58,32
U399,383539.49999999994,496642.3499999999,39,46,165948.38999999998,287285.17,39,16
U954,479503.30000000005,531089.02,49,48,215071.13,198134.37999999995,48,20
U105,442483.8399999999,443981.9199999999,44,48,264142.75,218959.96000000002,42,25
U503,379422.29999999993,718247.7299999997,37,62,150008.11,402129.45999999996,36,17
U314,671863.5800000001,350933.87000000005,65,44,436237.66,183707.37999999998,64,39
U887,374291.4400000001,627638.1199999996,48,66,215100.92999999996,360430.18,48,23
U858,608100.5699999998,477052.39,52,44,290962.39999999997,238756.30000000002,49,25
U485,408401.66,430910.5200000001,46,42,241644.69,256985.47999999998,45,28
U106,578080.72,302610.19999999995,57,34,160889.50000000003,134867.03,56,19
U214,403995.5100000001,587473.0000000001,51,57,226128.60999999996,304727.03,51,27
U821,567540.2900000002,704382.2600000002,52,65,222693.96000000002,374508.82,50,20
U421,498368.25999999995,497396.64999999997,47,50,271581.06,239303.27999999997,42,26
U888,656160.8299999996,536199.7799999999,60,55,282107.51000000007,241409.35999999996,58,24
U337,442715.77999999997,485734.57000000007,48,44,226496.68000000002,273488.24,48,23
U703,565347.49,519549.74,56,52,247274.16000000003,212702.93000000002,55,25
U583,395640.1700000001,526541.3899999999,41,55,160532.13,299917.73,39,16
U824,406673.3400000001,575055.89,43,57,210517.86,267980.5500000001,43,25
U440,397677.01,528123.8199999998,43,49,227148.35000000003,198556.08,42,24
U735,403153.39,596054.0700000001,46,54,187257.34,279482.95000000007,45,25
U203,393717.64,423760.82000000007,45,47,180923.21000000005,251589.01000000004,43,20
U64,356457.98999999993,581260.5700000001,38,54,131418.19,289392.86,38,18
U831,517678.07000000007,443004.62,47,41,175787.10999999996,262537.68000000005,46,15
U488,438704.45,407113.37,50,42,175537.67999999996,218675.77000000002,49,20
U594,518102.7199999999,492895.36000000004,54,45,270582.47000000003,264276.47000000003,51,26
U689,597346.74,453552.01000000007,56,47,223132.77999999997,200147.97999999998,52,24
U958,486031.10999999987,531062.29,49,51,280622.85,306032.06000000006,46,28
U766,459380.2700000001,427163.33999999997,48,47,236387.00999999998,190559.02000000002,48,23
U900,587210.24,606015.3600000002,55,64,285044.56,245548.66000000003,54,25
U497,545268.17,665429.3900000001,55,62,312191.09,364308.52,55,28
U23,454831.36,378899.1999999999,44,39,320181.16,84090.8,44,29
U345,475674.07000000007,626111.51,50,56,169767.44,304628.22,49,16
U117,526644.6699999999,529163.1,52,57,321662.8,260900.43,51,31
U999,559664.2499999999,464284.83,50,43,270152.6,257245.02999999997,47,24
U914,361560.07000000007,455219.96999999986,47,40,183113.32000000004,305212.9699999999,46,23
U92,504159.9,446297.34000000014,43,46,284786.85000000003,224034.79,42,22
U923,395507.35999999987,593748.8099999998,39,57,155495.22,286342.01,38,17
U38,509947.1300000001,332593.35,51,43,249877.82,113190.88999999998,50,25
U567,475982.07999999996,427446.32999999996,47,38,175636.82,127792.75999999997,46,20
U566,460859.38,514697.68000000005,45,49,241622.92,232326.61,44,22
U997,354910.35000000003,425914.05999999994,38,46,220925.66,201482.51000000004,38,23
U513,496207.29,421204.7600000001,49,45,304023.82999999996,149494.81,47,28
U272,689173.3099999999,482755.13999999996,62,47,334678.64999999997,229800.83000000002,56,31
U857,418421.27999999997,362482.51,44,36,206142.99999999997,189322.78999999998,43,22
U777,551440.1599999999,439488.3899999999,52,40,256366.39999999994,230500.54000000004,50,23
U28,388736.87000000005,440200.63,40,45,267663.25,149901.93999999997,40,28
U413,420964.81,485701.06999999995,46,47,163516.86999999997,290083.08999999997,46,20
U378,543885.85,535921.2899999998,49,50,311358.14999999997,247936.31,49,27
U372,435008.6500000001,546744.0199999999,44,53,293772.30999999994,280463.67000000004,43,30
U344,336158.9100000001,652440.3399999997,34,62,214174.61999999997,345816.97000000003,33,19
U895,555385.21,618054.26,50,59,317072.74,305671.0800000001,50,28
U584,626173.13,476144.63999999996,57,48,323887.91000000003,210812.41999999998,56,28
U561,404007.57,441069.4700000001,44,51,205967.35000000003,222216.89999999997,43,21
